date,amqs_ai_infra,qqq,smh,soxx,ai_infra_basket,amqs_daily,qqq_daily
2024-01-02,100000.0,98307.7660051977,96626.06584412357,96398.1922794786,97228.05592137657,0.0,-0.016922339948022946
2024-01-03,100000.0,97267.53093917026,94910.49924927368,94327.36152992304,96389.82154521465,0.0,-0.010581412926954803
2024-01-04,100000.0,96766.9444056775,94350.08762723181,93534.10683367861,96667.2557241808,0.0,-0.005146491626335403
2024-01-05,100000.0,96881.70883044091,94973.41291143787,94053.0996953613,97200.3836921044,0.0,0.001185987895642171
2024-01-08,99850.0,98884.06250825107,98335.90901889681,97116.8262914914,100991.03512025582,-0.0015,0.020668026008032303
2024-01-09,100000.08572754708,99079.40267881729,98598.9577572915,97149.78154454262,100490.15593946216,0.0015031119433858943,0.0019754464532635296
2024-01-10,100609.13169177054,99750.90997559568,98690.45335289557,96823.46007918287,100996.44136855601,0.006090454421037372,0.006777466139508359
2024-01-11,101219.0804821784,99958.48625323914,99250.86497493743,97181.02860354815,101693.55899859473,0.006062558936265458,0.0020809462058466455
2024-01-12,100710.83805822778,100009.76172784093,98902.03526927947,96752.28801311893,101180.6766670673,-0.005021211628573413,0.0005129676981290299
2024-01-16,102626.90138837707,100000.00000000003,100474.63065477862,98123.5891284085,101809.93998207175,0.019025393563317138,-9.760775020617452e-05
2024-01-17,101622.64750276205,99435.9169725065,99868.47563080268,97224.44251636966,101072.5632222644,-0.00978548384516215,-0.005640830274935227
2024-01-18,103523.68570685996,100847.33155550194,103110.87662574585,100433.94574775713,103217.52230172712,0.018706836033240082,0.014194212976239573
2024-01-19,107928.42105415653,102847.2334855932,107039.50777532333,104362.08299115737,108537.48203515071,0.0425480924217585,0.019830985106339627
2024-01-22,108327.65048402746,102981.5364537167,107537.02331867286,104704.03604353897,109428.51486382874,0.003699020387508601,0.0013058491081563428
2024-01-23,108747.51437944814,103408.85722152865,108085.99689229723,105398.35246295799,110208.79701066375,0.003875870043748189,0.004149489146571428
2024-01-24,110135.72322445913,103982.70952070224,110007.43077519027,106932.81028216788,111444.64783022583,0.012765430574966206,0.005549353455712502
2024-01-25,111041.5463013926,104109.67987718634,110007.43077519027,106635.98739417255,111922.50628081271,0.008224607333693212,0.0012210718211649318
2024-01-26,108910.79555406375,103489.45559884883,107662.84185126533,103761.50774875494,110284.20223885977,-0.019188770494473185,-0.005957412212477697
2024-01-29,110007.2834005404,104549.22166439726,108926.62751296391,104841.16696081981,111807.86337870208,0.01006776087621497,0.010240328924488118
2024-01-30,109515.55540695992,103853.27987266002,107845.82425073754,103221.64591264617,111232.91572585405,-0.004469958518928969,-0.006656594670510385
2024-01-31,106938.78269373933,101819.21189512557,106290.38154199668,101727.12115801375,108823.46115261104,-0.023528828426658557,-0.01958597725587985
2024-02-01,109240.1837568581,103018.15424887884,107262.5365318607,102230.49854771276,110949.98135811089,0.021520733686577715,0.011775207560908774
2024-02-02,112644.0157513841,104759.21951440313,109349.80013746764,103535.8327542663,113345.04344916494,0.031159156616782126,0.01690056746035351
2024-02-05,112758.33528320318,104622.4874300781,111482.81593674458,104950.52360982013,114157.42208926691,0.0010148744347982747,-0.0013052033506820715
2024-02-06,110496.95561952626,104412.4820362331,110219.0214833101,103726.7717839863,114977.55454721348,-0.020055099767101563,-0.0020072682174120393
2024-02-07,112250.72537556248,105486.91332506029,112443.52408645519,105313.30534903241,117061.0255967662,0.015871656790934257,0.010290257140466608
2024-02-08,113103.80884445179,105682.26858330474,114044.71019713012,107123.74125436881,118740.31599767589,0.007599803618507655,0.0018519383313688742
2024-02-09,115443.93281276469,106722.49610549305,116572.3166874709,109257.05806441634,120334.42891877862,0.02069005449260501,0.009842971163779968
2024-02-12,114640.97656116607,106304.92952168289,116120.54454605548,109059.16539572735,120560.20409094341,-0.006955378529081267,-0.003912638844179694
2024-02-13,112903.98578835577,104646.89929351947,113970.37607002025,106818.25653335881,118103.29216317492,-0.015151569926513613,-0.015596927025150142
2024-02-14,115268.97863379968,105787.25619254894,116257.79233532953,109231.02422025781,120661.93004623798,0.020946938488754646,0.010897187654179241
2024-02-15,114003.93863138098,106102.25673947729,115868.9338560783,109126.8807861045,120742.37204205041,-0.010974678681222965,0.002977679526492194
2024-02-16,113049.91791228185,105140.15321537285,115371.4095209929,108508.93353255824,117871.09469978085,-0.008368313678914698,-0.009067700854533123
2024-02-20,110543.3666985484,104346.5413383525,113101.15472417782,106682.85798268091,115839.88996906103,-0.02217207460228619,-0.007548133160836024
2024-02-21,108474.18598121888,103928.9898422206,112374.9045876861,106438.1108405218,113865.59446288469,-0.018718271200950314,-0.004001584439468409
2024-02-22,116602.30274908902,106971.5710422191,120049.17569563298,111683.7249717343,121421.04652956738,0.07493134605571004,0.029275577532482222
2024-02-23,116584.79555103977,106656.57803912989,119300.04946230628,110479.07752364727,120407.85202678606,-0.00015014453090962145,-0.0029446422074598244
2024-02-26,118685.0407719712,106600.39906909024,120289.35712892856,111569.15510788701,122005.36743585469,0.01801474378373778,-0.0005267276624891792
2024-02-27,118676.66745571361,106856.79907361654,119940.52742327061,111458.06609228379,122282.0046016959,-7.055072992441592e-05,0.002405244321459943
2024-02-28,118222.98537132687,106287.85026988083,118608.11347106706,110204.82374660461,121504.23220663155,-0.0038228414574923305,-0.0053244043305447075
2024-02-29,119665.08374774283,107198.66323170524,121204.32187670509,113190.4085226636,124808.76560947207,0.012198121810969808,0.008569304577256132
2024-03-01,127924.61060669895,108812.74305306711,126116.53727282817,118007.28206344688,131411.87786291158,0.06902202881809237,0.015056902508878478
2024-03-04,128823.81621444781,108424.49182813623,128146.61942808352,119166.80740466672,134118.24333284443,0.00702918385668139,-0.003568067618160642
2024-03-05,126717.15068422926,106478.30957652658,126185.16556333312,116830.3847110832,132226.54900715555,-0.01635307501457392,-0.0179496552743319
2024-03-06,129152.53709199077,107147.39530094259,129439.01339842971,119701.43991089035,135198.65552928246,0.019219074881429037,0.006283774855902813
2024-03-07,131360.7077992772,108773.67351018605,133910.90349329077,123806.60890607261,137451.5760065825,0.017097385440547893,0.015177953740039829
2024-03-08,126557.37352266887,107203.5440956257,128661.29643992723,118797.05591144729,133069.12719167338,-0.03656598961043938,-0.014434829346949729
2024-03-11,123516.76699439142,106805.5311428539,126368.15675454125,117219.21640949222,130832.51996028122,-0.024025518574252076,-0.003712684651701159
2024-03-12,126680.58005902579,108336.59101453319,130365.40740288782,119651.08847413803,133603.30142755745,0.025614442003473237,0.014335024181767242
2024-03-13,124413.05149660275,107503.90205079266,127786.36046574399,116734.92728250187,131459.8747947916,-0.017899575146928526,-0.0076861285364686616
2024-03-14,122392.37234079637,107232.85945450499,125498.94420043471,114740.48181385723,129172.88640903294,-0.016241697567088202,-0.0025212349609377016
2024-03-15,121877.65088372151,105958.19204351284,124572.54140424068,113917.70436769113,127800.61837552662,-0.004205502738696973,-0.011886910574579246
2024-03-18,122886.38458929418,106968.76473406078,124824.15209421786,113829.19252055968,128439.14769610285,0.008276609355845307,0.009537466344583745
2024-03-19,122341.15168129283,107235.27348302824,124549.66530740568,112876.21362352447,127173.39224797423,-0.004436886232950826,0.0024914632755648203
2024-03-20,124560.55346319657,108506.7347623879,126545.42452567266,114797.77077454043,129207.45377439307,0.01814108949771419,0.01185674487565791
2024-03-21,127787.08376188437,109020.20617312353,129416.13730159469,117380.672976886,132665.55056923383,0.02590330733911786,0.004732161665909951
2024-03-22,128164.07090035187,109144.89829018882,130176.70158333887,117521.4378352735,132929.66172583975,0.0029501192716000226,0.001143752350525551
2024-03-25,128200.73467575035,108748.80147255736,129856.4626028567,117062.71521633485,133754.69459787352,0.0002860690608601096,-0.003629091453989375
2024-03-26,127839.05526208303,108396.70032476223,128649.84959977379,116181.75442486731,134603.8687172748,-0.0028211961076672685,-0.0032377473868894224
2024-03-27,126005.10770276093,108765.91844355507,128604.09740610381,117641.30954667766,134430.0482022647,-0.014345753381565032,0.003406174889887259
2024-03-28,126529.55622492386,108565.41074318127,128661.29643992719,117766.42670300514,134057.75169080618,0.004162121137184944,-0.001843479126945935
2024-04-01,128495.76826402343,108795.26397779089,130348.25472612948,119007.06708883784,136098.5471630566,0.015539547420875611,0.0021171866162175146
2024-04-02,127013.3012689226,107856.3351275097,128672.72569660874,117172.15244052598,134260.00182019302,-0.011537088070128258,-0.008630236427137783
2024-04-03,131117.18456125315,108098.39429384003,129187.39391671654,117500.5849758856,136202.77233618975,0.0323106576345217,0.0022442739783821164
2024-04-04,127110.90122593647,106445.48633244939,125744.84026207104,114174.85203171968,132595.57540944335,-0.030554982924035377,-0.015290772561316612
2024-04-05,130817.40952904169,107699.83818465048,127317.4356475702,115530.15091410956,134719.04663562073,0.029159641441901023,0.0117839834775475
2024-04-08,129647.00031676215,107731.64301044437,127557.6082891299,115827.27193031098,133842.34251686613,-0.008946891828030632,0.0002953098753906147
2024-04-09,128446.24410382133,108130.19157579476,128152.34284816017,117073.13358850972,133418.80832914254,-0.009261735404653013,0.003699456856067318
2024-04-10,129028.9813644663,107186.36677391484,127037.21664894541,114935.90888170672,132536.70885157652,0.004536818220811256,-0.008728596408879352
2024-04-11,131918.94708702678,108897.95071609887,129987.986972054,117531.8481499293,135310.66781619296,0.022397803129184102,0.015968298895644217
2024-04-12,127795.1405031589,107161.92473511687,126196.59482001467,113674.4236940052,130910.67423716534,-0.031260153866657314,-0.015941769055947352
2024-04-15,124934.58110054633,105398.99742377887,124298.04582569255,112235.68920150644,128477.75965250786,-0.022383945049474413,-0.01645106053941847
2024-04-16,126561.94788004189,105408.7817831372,125327.38226590812,113085.37070389211,129931.11696277976,0.01302575127847002,9.283161697437592e-05
2024-04-17,124348.40073485383,104122.64019282047,121461.64719502299,109655.3895778248,127483.73981820238,-0.017489831519392537,-0.012201465272246192
2024-04-18,122340.4302077258,103528.49496637328,119305.7728823829,107711.03770532183,125737.48972036615,-0.016147940104268746,-0.005706205925502084
2024-04-19,116506.8586132603,101386.57272072324,113918.9180397453,103415.72737480885,119849.65381141244,-0.04768310512363341,-0.020689204902918257
2024-04-22,118367.38526988085,102406.17538671599,116097.66844922041,105120.287479389,121473.43834914037,0.015969245748840392,0.010056584798475487
2024-04-23,122474.65067821053,103934.36859952392,118831.13343586838,107314.85754950876,124505.18569560601,0.034699299971567475,0.014922861898093664
2024-04-24,123882.29685841108,104286.46974731906,118968.37243340652,108706.65699334657,124912.81760691722,0.011493367585909704,0.0033877258556487266
2024-04-25,127631.5250184451,103782.76760826346,121347.28429431985,110724.00998874541,127331.3642294343,0.030264438544589895,-0.004829985522340818
2024-04-26,131163.05861565488,105384.32465666096,124458.16092006567,113064.52590202329,129736.29406392873,0.027669759463419492,0.01543182057393877
2024-04-29,131321.96389441926,105812.21875624718,124881.34233630533,113924.63383410292,129899.15319364054,0.0012115094024303973,0.004060320175512722
2024-04-30,129051.6535623898,103817.00909409802,122428.08755654622,111547.61735937708,127297.37234178868,-0.017288123514926743,-0.01885613670709807
2024-05-01,124347.94602738677,103066.3593809525,118859.72416104419,107778.79338329437,123809.62837824757,-0.03644825467291679,-0.0072305079841507025
2024-05-02,127515.94957357972,104381.81633014852,121250.07407037502,110202.73684916206,125909.65573203222,0.025476927021337623,0.012763203795079558
2024-05-03,129863.93528723654,106479.74290596222,124509.6365338124,112683.99344827021,128699.6467576986,0.018413270822266615,0.020098582775932794
2024-05-06,134353.1959310313,107646.05815545584,127334.58832432854,115024.51741906717,132532.90758077696,0.03456895583724068,0.010953400315059536
2024-05-07,132343.4753492096,107663.17512645356,126225.19433692639,114008.04527165454,129915.78749828125,-0.014958487350411456,0.0001590115912371015
2024-05-08,134429.6622251178,107599.60319406145,126608.32939610092,114117.49861088382,131117.03979263344,0.0157634282340208,-0.0005904705329138338
2024-05-09,133934.8634457037,107834.3297487524,125796.29829234595,113690.06333854613,130490.40907196228,-0.0036807261970613586,0.002181481601448043
2024-05-10,134921.67459876242,108088.62502215999,127694.86487013988,114805.58656805135,131609.2813586199,0.007367843798629562,0.002358203310579121
2024-05-13,134450.55524508285,108338.01680012971,127671.97998156898,115045.3702784551,131722.97778715697,-0.003491798890583043,0.002307289762623954
2024-05-14,138209.64155302418,109034.8713964023,129856.46260285669,116958.4509193953,134785.7582472761,0.02795887529872288,0.006432225887595955
2024-05-15,145021.9546536452,110739.10763926868,133756.50302725835,120242.48620230447,140156.9107229722,0.04928970963293815,0.01563019446017888
2024-05-16,141754.9577610647,110514.1729877752,132784.34803739437,119653.43321219138,138861.5322849004,-0.02252760211640403,-0.002031212426112483
2024-05-17,140709.32312788477,110460.37032706312,131669.23942165144,118975.78779975597,137919.65976714934,-0.007376353178012968,-0.00048683946373118125
2024-05-20,142267.37131035735,111230.58875892528,134385.5429398052,121592.57992736645,139308.8384984612,0.011072814137955486,0.006972803273985084
2024-05-21,142368.2081764731,111448.1907987794,134196.82832852038,121201.62910143852,138484.23024009427,0.0007087842081214425,0.0019563147357397614
2024-05-22,142680.29130244962,111426.20050770036,135294.78426750502,122624.71589187726,138661.59539922123,0.0021920843843850108,-0.0001973140247627514
2024-05-23,144783.50930391494,110924.94257252457,137141.8752315523,121936.61987719066,138054.44133014922,0.014740774512486505,-0.004498564367194313
2024-05-24,148548.0495664511,111973.91340427054,139680.90218683876,124355.32595565413,140717.1602196449,0.026001167402525435,0.009456582148421155
2024-05-28,151496.2849741367,112396.91909609718,142866.12173143035,126456.08233108553,142384.60663374106,0.019847015267384888,0.0037777164248908868
2024-05-29,153045.4421531672,111604.68019779943,140475.77182209954,123844.48730328388,141100.438850345,0.010225710678614794,-0.007048581977770918
2024-05-30,149545.92115206213,110409.01941407,138542.91747426084,122984.38742872333,139303.29838111313,-0.022865894938594547,-0.010713357017020697
2024-05-31,141944.82594228943,110203.63839361489,137519.29566238605,121983.53881081348,135202.26787174612,-0.05082783369292772,-0.001860183357709877
2024-06-03,141363.26391090566,110795.36204769969,139234.85346550005,122181.63291747957,134822.029350584,-0.004097099189936037,0.005369365864050124
2024-06-04,140369.88916676637,111098.5564863815,138731.6320855457,121227.68711815435,134497.6809588233,-0.007027106736622716,0.002736526449105936
2024-06-05,146807.00864832883,113338.26951874078,145485.21502563934,126529.0512239051,139706.55179836965,0.045858264331283025,0.02015969516790106
2024-06-06,141679.01742398605,113299.15471282491,144341.5156847206,125491.71010206638,138077.87903854437,-0.034930152664759406,-0.00034511560906980154
2024-06-07,141098.78161545252,113198.89709071843,144227.13520054563,125116.40697819846,138180.56854014908,-0.004095425131282055,-0.0008848929399393191
2024-06-10,144541.88398098334,113656.12918070133,146314.3988061526,126920.00204983303,139704.23507636905,0.024402070139163876,0.004039192092273547
2024-06-11,144100.23354047697,114436.12442808268,146097.10226142788,127024.403324597,139913.4133439921,-0.0030555187765814997,0.006862764489728779
2024-06-12,148782.77481615523,115934.9721066548,150448.89724377322,130604.90696466184,143164.66256776595,0.03249502905464051,0.013097679478948576
2024-06-13,153406.65845386268,116563.37390661483,152804.94179958745,132024.57736700925,146588.44340855678,0.03107808443162187,0.005420295434081179
2024-06-14,152527.2467840002,117167.32612393772,153193.8002788387,131549.62690463656,146047.76546254108,-0.005732552150772335,0.005181320659152888
2024-06-17,155289.0885125075,118602.59432627857,155818.6082013884,133626.9358995352,149025.8477828808,0.018107202396555798,0.012249730789474889
2024-06-18,158719.01049371023,118639.27247215378,158266.1395610708,135328.4502619018,151170.12334674818,0.022087334107357328,0.0003092524753236514
2024-06-20,153479.5646324983,117724.80074834883,153782.81141779225,131654.0040068433,148722.90208168532,-0.03301082740444351,-0.0077080017834700865
2024-06-21,150642.10419193012,117409.38529026808,151478.23368398877,130370.0302833799,146586.4048180431,-0.018487545539775434,-0.0026792609210272156
2024-06-24,146523.3916142481,116072.72260926309,146268.65540421853,126648.608692065,142936.24269405243,-0.027341045186373918,-0.0113846323077188
2024-06-25,149789.12583413854,117400.07619277528,149694.05638210571,128595.44228044568,144946.98831496443,0.02228814241816189,0.011435534151985616
2024-06-26,147928.97270226918,117642.53518257978,149202.2642588329,128094.36128368546,143990.71233042327,-0.012418479121970076,0.0020652370736657932
2024-06-27,149908.3906736804,117946.19733928794,148029.95660926658,127436.7307486533,145704.3827932252,0.013380867420712293,0.0025812275826671005
2024-06-28,149251.45749429544,117333.94689891634,149082.16914631717,128725.93380200182,145468.74620540754,-0.004382230884026976,-0.0051909298831431805
2024-07-01,150332.70790736517,118022.12608018347,149259.46329265632,128720.69641459758,146701.09958115086,0.007244488135809815,0.0058651328064502906
2024-07-02,150652.82380522718,119261.322359562,150757.6981758379,130531.82526657514,147530.20915661924,0.002129382902217457,0.010499694595711873
2024-07-03,153310.57972094495,120255.6079014171,154183.11673719692,132708.3142638717,149439.72416791634,0.017641593755679426,0.008337032679022416
2024-07-05,151512.36061648972,121509.49957943095,154240.28060407666,132969.28924946484,149687.3794131583,-0.01172925643962951,0.010426887360145187
2024-07-08,154434.7451111033,121798.48896902121,156807.9070762748,135490.24524509706,152645.3724385081,0.019288092949794056,0.0023783275430357964
2024-07-09,154740.15641723108,121903.78587566997,157151.01336185605,135427.6383218188,152236.36503960387,0.0019776074736815724,0.0008645173477934698
2024-07-10,157471.73731159358,123174.82470003807,160845.17770647875,138569.71623351614,154802.28733874334,0.0176526957036106,0.010426573836389563
2024-07-11,153579.72390735647,120473.5795893888,154983.69220906257,134013.18919183747,151565.55780179185,-0.024715631329676895,-0.021930172153501903
2024-07-12,154063.63792853107,121181.35012088997,156945.16365728478,135646.85118600255,152611.52754655937,0.0031508978455157665,0.00587490247997513
2024-07-15,153335.4855833535,121507.06291939024,156590.61053155013,135798.20362446568,152133.98379011103,-0.004726308913433177,0.0026878129198539824
2024-07-16,152021.391854186,121553.57823149773,156521.98224104513,136638.50617463823,151286.164178063,-0.008570056201720867,0.00038281982125054625
2024-07-17,143427.33299556718,117985.39512743424,145376.566753277,126920.01010735214,143470.98360600826,-0.05653190484443109,-0.02935481748853097
2024-07-18,142684.16582257085,117427.01524232693,146131.4076149445,127301.02601225022,142842.17185829126,-0.005181489172773694,-0.0047326186813565485
2024-07-19,141035.3900619225,116386.18421300779,141899.69895337903,123407.36689300796,141058.8750159705,-0.011555422083054505,-0.008863642043283049
2024-07-22,144665.8483037614,118120.08283135365,147378.0493916207,128522.3686398781,143892.47423602344,0.025741469855508653,0.014897804495183964
2024-07-23,145467.56355329324,117703.75343716163,145742.5491356933,126606.8546281747,144044.51964676735,0.005541841830204564,-0.0035246283630397945
2024-07-24,138413.18909045815,113481.68544453951,137805.22049761584,119873.83053168042,136810.77960802178,-0.04849448420335055,-0.03587029189240043
2024-07-25,135292.28712526042,112230.24551424458,135277.63159074687,117201.50598254695,134030.19149968628,-0.022547720962906928,-0.011027681915303678
2024-07-26,136755.59158141332,113381.26940181121,137422.0854384413,119717.24070581306,135857.54808179828,0.0108158749271353,0.010255915259675064
2024-07-29,135754.969380506,113609.02544914126,136444.21582023648,119466.71632247113,134701.0503430869,-0.007316864994961555,0.002008762545451015
2024-07-30,130388.2424281495,112049.0198667003,131223.1907003128,115129.40214497622,130414.8836130105,-0.03953245304276234,-0.013731352560006904
2024-07-31,140120.54192976572,115364.96716544012,141242.06831565642,122854.10540266344,137813.37529978473,0.07464092866332804,0.02959371980838954
2024-08-01,134052.20994634656,112570.65371138022,132103.84130283684,114002.01018986112,130739.68072376383,-0.043307939719937,-0.024221507817470234
2024-08-02,128355.47440004788,109898.7993980016,124909.93306148118,107942.28044549719,123321.09021924846,-0.042496394118222536,-0.023734909812543004
2024-08-05,124546.53261963508,106622.0347997299,121982.03883520755,106037.20897852592,119766.89045654633,-0.029674946068458333,-0.029816200142503968
2024-08-06,127295.81307493827,107640.82273109605,124355.23606778009,106997.58467807971,121289.1399861735,0.022074323527732954,0.009555134951980238
2024-08-07,123623.02435103884,106475.10344489412,120929.82629815699,104017.30980709671,117135.16498189131,-0.028852392197198665,-0.010829713640466032
2024-08-08,128296.55815019185,109732.26914909264,128615.54424625725,111193.97284680545,123569.58903726513,0.03780471982211073,0.03059086677369849
2024-08-09,128955.9654722156,110305.33688899616,128581.23010100475,110536.34231177329,124288.92949055927,0.005139711708024184,0.005222417656604694
2024-08-12,129972.48481396087,110542.89238336279,129787.85189582358,111173.11192989846,125267.84655359536,0.007882685675090163,0.002153617413867215
2024-08-13,134734.08280852536,113285.74931068167,135066.04967436293,115687.8768501677,129891.06121416787,0.03663543096356225,0.02481260321836576
2024-08-14,135781.16788455605,113322.49535110912,135180.4125750661,115395.59034541635,130894.67546791155,0.007771493702293139,0.00032436595645113364
2024-08-15,139677.34467483696,116185.37475906863,140887.51518992175,120943.82072084518,136427.4543111138,0.02869452996304696,0.025263116551478948
2024-08-16,140612.03087766175,116334.7654054625,141081.95322128327,120688.05089257992,137044.6070859053,0.006691752374020821,0.0012857956236200785
2024-08-19,142272.0093311608,117862.9510744313,143729.6196571962,122739.2776982055,138835.05031876307,0.011805379974515319,0.013136104788990632
2024-08-20,141199.400258807,117615.6036768672,141853.94675970907,121116.05019125347,137610.97454825926,-0.007539143345175966,-0.0020986017684886393
2024-08-21,142055.31058360278,118164.16148342055,143323.61729292257,122833.23642823733,139051.38733046697,0.006061713599540575,0.004663988360425586
2024-08-22,139113.862459735,116290.68675339568,138628.6984415242,118636.8402019925,134786.73582471366,-0.0207063580501389,-0.015854847243914283
2024-08-23,141460.68175832432,117551.91858688807,142042.66137099388,121815.45090521408,137044.04514514672,0.01686977312752376,0.010845510235629963
2024-08-26,138606.40480134904,116410.6866025189,138714.47061705153,118756.88112129741,134286.7298531612,-0.020177175180391155,-0.009708322910320089
2024-08-27,138439.60153584095,116758.43495513302,140109.78943968334,120072.17442143805,134188.9690394192,-0.0012034311527459836,0.0029872545447782173
2024-08-28,136379.3209973457,115433.53311933977,137753.76246734092,117906.11991135453,130869.94905398355,-0.014882161719902505,-0.011347375770344836
2024-08-29,134374.8760134682,115264.558666551,136049.63392090853,117566.85807034679,129997.81809738027,-0.014697572690778624,-0.00146382466361894
2024-08-30,136910.12146030864,116638.4351060098,139223.42420881853,120641.08361384258,133484.16218858227,0.018866960268572583,0.01191933110535115
2024-09-03,129938.4164993747,113097.191051498,128775.6593406304,111434.07080045342,126577.65838303305,-0.05092176448733256,-0.03036086733582488
2024-09-04,130582.47278523428,112803.30571030901,128466.85840856573,111799.43094577239,126358.21696781617,0.004956627171631416,-0.002598520250208236
2024-09-05,130661.90695752286,112908.61770463605,128243.8296520284,111199.21023420965,125601.98687181722,0.0006083065406430233,0.0009335896112609987
2024-09-06,126761.70830223264,109884.1039993663,122948.47919673077,106439.10997288817,121169.53085115431,-0.029849546406498974,-0.02678727068629727
2024-09-09,133049.94345700997,111297.17068313234,125727.67879357694,108542.53338713618,124843.38046188734,0.04960674038712502,0.012859609646306946
2024-09-10,136994.94645161903,112325.76560537424,126917.13911990156,109685.55692927314,126361.47977076411,0.029650542436222473,0.009241878440650941
2024-09-11,141321.04309516135,114764.96037598496,133470.56940029288,114779.69775923627,130988.58486400753,0.031578512606449345,0.021715362966500118
2024-09-12,143600.2661834931,115891.51204939708,133756.5030272585,114273.41966266722,132338.86050804588,0.01612798093201878,0.009816164007911299
2024-09-13,145260.2449638109,116410.6866025189,135477.78425044921,116314.21198107976,134148.90116010723,0.011559719382390685,0.004479832422071839
2024-09-16,146095.74404278965,115896.40045715666,133699.32157690695,114764.04199965717,134382.7535016056,0.005751739432815164,-0.004417860252970196
2024-09-17,145595.50372964755,115957.61116789946,133653.56938323693,114904.95995090726,134809.56335750548,-0.0034240580820449774,0.0005281502315979125
2024-09-18,144703.4448024271,115455.57621729275,132132.44081974856,113636.65004454208,133539.50551557355,-0.006126967553042609,-0.004329469584189671
2024-09-19,149019.4445960426,118374.77792823545,137868.1253680441,118475.03716127815,137547.12049924835,0.02982651725747364,0.025284198534063274
2024-09-20,149884.56121527628,118149.47362862434,136043.91929256776,116742.19516471516,138533.16206575077,0.005805394199252304,-0.001903313387820682
2024-09-23,150965.24676428255,118462.64856648196,136644.3596882029,117196.26859514267,139523.50369426515,0.007210119176011263,0.0026506672288868494
2024-09-24,151322.32076445827,119034.07174945401,139189.10127183018,118615.95511252823,140185.12320346615,0.002365272854707047,0.00482365699135423
2024-09-25,152380.0217781345,119144.43057216248,140412.86695167137,119433.21315812219,141930.76500405956,0.00698972239080741,0.0009271196144642335
2024-09-26,153435.696241574,120039.567436264,144461.59321376463,123702.59439222471,144408.3899983737,0.006927905975604395,0.007513039928117804
2024-09-27,151366.29465722354,119372.50346073622,141670.95556850097,121740.57238037177,142371.2274372888,-0.013487093518918426,-0.005557034149443862
2024-09-30,151992.44111317978,119696.22468570482,140361.40892139648,120647.06229300248,142284.0225980025,0.004136630663875309,0.002711857551643604
2024-10-01,149345.2413000687,118028.56851880492,136604.3309146096,117267.12641796235,138779.68042290892,-0.01741665436598821,-0.013932404061020143
2024-10-02,151704.25569651905,118195.34017056623,138571.50819943668,118847.20591022262,140650.009837325,0.015795711841333555,0.0014129769923858504
2024-10-03,153940.31445046814,118107.04707732816,139846.74949302457,119271.02335649187,141758.98736502932,0.014739591474759247,-0.000747009933815157
2024-10-04,156001.33920723211,119512.29079991102,141716.7077621709,120903.4444927181,144181.84342173603,0.013388466589283977,0.011898051448723468
2024-10-07,155069.26381675687,118232.12393018934,141945.45114704905,120573.80332949596,145292.34639311137,-0.005974790955076771,-0.010711591763101103
2024-10-08,159720.6291846545,119997.86509352477,144404.41176341302,121761.50581495053,147261.69749596165,0.029995404978475103,0.014934529674676345
2024-10-09,162761.80103028342,120942.06708736144,145908.38765014312,123032.90175112466,148902.99969847492,0.01904057015774073,0.0078684899360566
2024-10-10,162806.45589431503,120804.73149590561,145622.45402317753,122169.60304148801,148838.85048866138,0.000274357151057293,-0.0011355485710082824
2024-10-11,163841.56125934573,120993.56887713728,146789.04704440307,123195.08349523593,150707.85049286296,0.006357888938400739,0.0015631621286131825
2024-10-14,164415.85580723063,122008.87155482298,149413.8461752169,125465.82129325133,151669.57405817526,0.0035051823448863117,0.008391377220360319
2024-10-15,160327.46074485366,120377.99914754622,141339.27853960128,118957.10241300153,148707.653211198,-0.024866184847588235,-0.013366834612055012
2024-10-16,162399.72915424398,120392.72472153806,141430.78292694123,118957.10241300153,150551.90889152006,0.012925224411107997,0.00012232778494514207
2024-10-17,165158.19490691784,120476.10677549914,143866.87623820614,119893.62785606839,152407.86021045755,0.016985654884029398,0.0006925838264224549
2024-10-18,165009.84299350216,121265.78076849092,143826.83867287697,120003.5163013282,151911.4488706401,-0.0008982413103950865,0.006554610819747841
2024-10-21,165989.76608551975,121498.76469634165,144587.40295462115,119778.52619596163,152299.85338272137,0.005938573567736719,0.0019212668765602459
2024-10-22,165231.98041971622,121631.2118800379,143929.77231689854,119333.80754518998,150316.8012822733,-0.004565255338772528,0.0010901113606156532
2024-10-23,162283.10482923462,119767.34800107125,142397.20570499267,118266.46022228457,147432.17334445578,-0.01784688159635307,-0.015323894666156357
2024-10-24,162795.96471637257,120738.51921981618,142997.6548923637,118925.70226113341,148412.147081071,0.0031602789931682793,0.008108814588899893
2024-10-25,163862.9684295472,121474.2472191523,144656.03124512613,120118.61796143497,150147.33953409622,0.006554239320572859,0.0060935648713453805
2024-10-28,162198.38351038954,121493.86120090375,143655.29432182224,120191.8769249415,150066.44757781446,-0.01015839597629023,0.0001614661724642641
2024-10-29,164100.9440022904,122661.21750019802,146920.5626218645,123148.00341123149,151811.03883986425,0.011729836332055765,0.009608356239200644
2024-10-30,162501.99550587966,121734.20037191127,143352.19043462654,118805.36321362243,147160.0453646589,-0.009743688594432587,-0.007557540575408472
2024-10-31,157001.16392081568,118661.30048242852,138205.51702528453,114195.8740990084,141545.39443865753,-0.03385085560296968,-0.02524269991583883
2024-11-01,158754.63521710888,119539.26756865835,139961.11239372773,115409.72323388867,142923.75743562164,0.011168524184811627,0.007398933625877957
2024-11-04,158304.53679529205,119191.02886650043,139686.62560691554,114745.2438076356,142228.27655728726,-0.0028351828669524854,-0.0029131741329927463
2024-11-05,167132.10584377864,120711.5273633905,141996.9091773239,116084.65326239294,147614.2796529891,0.05576320948970524,0.012756819966652788
2024-11-06,173886.3260638141,123990.44949965487,145713.95841051746,119469.8265248373,152481.4275319681,0.040412464056120694,0.027163289272229107
2024-11-07,177418.0689757563,125942.58384034221,149265.1603375253,121960.32509833414,156143.89530714613,0.020310641968742587,0.015744231499803973
2024-11-08,177946.9019905187,126089.74151035203,148304.4521878147,121049.93824717392,155234.34637100945,0.002980716777132071,0.0011684504599047685
2024-11-11,176707.9051127913,126016.18153494496,144981.98485394905,118020.54473985832,153640.28717702607,-0.006962733623726845,-0.0005833938155948015
2024-11-12,175678.94769499204,125788.0784710147,144026.99133257923,116733.45275650967,150978.32017794653,-0.005822928052610316,-0.0018101093141519309
2024-11-13,174957.59966147228,125626.22540236951,141608.0594898085,114253.42895782129,149659.50796028785,-0.00410605848329725,-0.0012867123070209319
2024-11-14,172725.35637949678,124753.16181157753,141922.56625847807,114185.42349675715,147560.4859648716,-0.012758767188705698,-0.0069496921363007
2024-11-15,172541.07317040095,121780.8062100884,137216.2181503981,110507.2546678821,145902.62286397585,-0.0010669146265412117,-0.023825893935886633
2024-11-18,171372.53458689802,122626.89303213301,138125.4594780979,111935.61913332049,148178.59086263593,-0.006772524141824934,0.0069476204697231925
2024-11-19,174595.07980971996,123470.52810645869,139635.1499931688,112150.13446387861,152999.09408913177,0.018804327254597814,0.0068796905268129205
2024-11-20,173851.71419285052,123399.41987877054,138697.30914855728,111292.06508412708,151443.41819276282,-0.004257655013414945,-0.000575912558070879
2024-11-21,175739.82749154363,123843.30691732335,140733.12351562525,113055.28392763459,158114.36338696702,0.010860481344455756,0.0035971566072909855
2024-11-22,176631.1560591898,124041.95128943074,139886.76068314599,113102.37206915817,159621.96994145963,0.005071864359768257,0.001603997640663879
2024-11-25,174043.1015772243,124238.13636998009,139337.79590125752,114206.34081629774,161190.10088817187,-0.014652310156981764,0.0015816026635342428
2024-11-26,175432.19555918706,124905.20034550787,138056.83997932883,112725.65887945065,160643.60920366502,0.007981321692008603,0.005369236814219969
2024-11-27,172162.02561620207,123921.7703881683,136244.06316053405,111213.56873321635,156735.13949319997,-0.01864064878491296,-0.007873410831728878
2024-11-29,174550.8419211375,125010.65567277849,138462.85992707426,112699.50417250585,158094.3219401753,0.013875396135619266,0.00878687643986531
2024-12-02,176000.35223926164,126371.75284874231,141745.2896956107,115660.86804620003,161684.82776387135,0.008304229886092591,0.010887849268838012
2024-12-03,178846.68129750382,126759.26477743796,142059.81404775206,115006.84727971726,161729.99043251143,0.016172291827988676,0.0030664442010190918
2024-12-04,181598.5383444533,128326.37665634425,144467.31663384117,116529.40414324096,167800.62520695146,0.015386682196086642,0.012362898141274448
2024-12-05,182601.36046414552,127970.76007951214,141991.18575724706,114326.67180628968,166579.0814479642,0.005522192683016445,-0.002771188481261788
2024-12-06,185995.27519891615,129116.03556165776,142168.4623201144,115017.31399700665,169269.73572068987,0.01858647014536901,0.008949509102188946
2024-12-09,181821.79117075895,128110.54741868693,140715.962047131,114462.72301601336,166056.85285799266,-0.022438656163140603,-0.00778747688927206
2024-12-10,176354.64128370478,127674.00053561266,137176.18937680474,111742.01306478391,160085.08906829945,-0.030068727471283696,-0.0034075795621070215
2024-12-11,179871.69195370612,129959.67817982259,140532.97085592287,114551.66191165625,162700.2242437415,0.019943057037798098,0.01790245182747574
2024-12-12,178477.48038910143,129120.95414477392,139171.95738680763,113662.20043755569,161392.5722918393,-0.00775114499375205,-0.006453725084546225
2024-12-13,185555.45611688265,130109.30268522965,142671.69249180472,116832.85836944192,164703.33435628552,0.03965752829068632,0.007654439567938542
2024-12-16,187985.568895593,131982.9509235546,144821.86096783992,118998.93705208269,166704.72765305405,0.013096423191024803,0.014400570901973442
2024-12-17,184826.69837746452,131401.7132058677,142940.473442012,117315.74548811179,163719.86207125365,-0.01680379263518309,-0.0044038848473964
2024-12-18,178373.82572350232,126661.13451796763,138382.8023798877,112976.74728912846,157201.60889853502,-0.03491309811087867,-0.03607699300292211
2024-12-19,179945.35894069323,126097.08920966978,136598.6074945328,111079.73334124062,155421.87458731158,0.008810335321432968,-0.004453183768205027
2024-12-20,185999.01102520764,127198.24077671378,138794.53695597395,112573.23479094946,159204.2005725377,0.03364161276595959,0.008732569276147517
2024-12-23,189926.20495217718,128437.49740680539,143148.96066735603,115979.4623507588,161590.07135289678,0.021114058108821294,0.0097427183153187
2024-12-24,191944.81011794406,130179.08319723,144383.89185180154,117174.27156804496,163548.41950454473,0.010628365718544083,0.01355979231601201
2024-12-26,191592.8714517574,130090.6392272092,144131.16461136393,117137.56956861996,163631.51874455938,-0.0018335409327837945,-0.000679402311405064
2024-12-27,187855.69737464568,128361.33480689666,142677.96099950784,116147.15543792314,160561.17757400754,-0.019505809630567313,-0.01329307343391739
2024-12-30,185684.79493317357,126654.13383525019,140529.7530805803,113862.36532662621,157873.01840360108,-0.011556223589762164,-0.013299962751359251
2024-12-31,183276.4671933728,125578.24658546993,139099.52227465415,112924.34118500982,156547.38448120718,-0.012969978186245554,-0.00849468720207569
2025-01-02,184581.40899132445,125332.61918322864,140604.42129365468,113621.30047068819,158560.0177119096,0.007120072849149776,-0.0019559709497464217
2025-01-03,190361.68569426134,127383.69851801293,144676.84128402246,116582.10031804655,163961.42989598715,0.03131559529491179,0.016365087940799494
2025-01-06,191623.36395384173,128847.70120361965,149472.97939094016,119956.88743839237,168073.51953286977,0.006627795162555697,0.011492857427119807
2025-01-07,183336.02326890442,126548.51254351865,145917.50468028057,118321.89595357854,163992.11150267234,-0.043248070141037584,-0.017844235004764064
2025-01-08,181845.2817573016,126570.62353602384,144877.86432557975,117142.81501354322,162581.43892472022,-0.008131198032021754,0.00017472344842928145
2025-01-10,179336.74074921466,124585.86963491603,141977.20689715195,114344.46280842584,160134.54184187952,-0.013794919416358237,-0.015680999632137538
2025-01-13,175864.7208571455,124185.47282897752,140518.2622817473,113993.36447188455,157622.50268193573,-0.01936033786252669,-0.0032138219776595145
2025-01-14,177478.56553827904,124067.55507945559,140977.77994249848,114742.72986168155,158885.3472185342,0.009176625495254784,-0.0009495293357243417
2025-01-15,181675.0716693934,126921.90994919237,144292.00062808156,116969.88453897467,162614.6121926349,0.023645143391748044,0.023006456989571378
2025-01-16,183532.02777974834,126032.68745497282,144912.32793034267,117142.81501354322,163491.12598143457,0.010221303854687272,-0.007006059825096389
2025-01-17,186528.44760499411,128159.91430198755,148335.6804337631,120391.8403760349,166931.91391262054,0.016326413768182724,0.016878374094615012
2025-01-21,190074.18778243652,128911.56734573803,150713.65157893416,121811.97005697004,171547.50886007355,0.0190091121379572,0.005864962128324658
2025-01-22,196468.04148038724,130559.82075838227,153459.24036940056,123572.73135715711,176789.08305507654,0.03363872692313846,0.012785923300611568
2025-01-23,198194.27563645304,130837.38877552185,153275.422755017,123342.14933354665,176744.31223605803,0.008786335645526054,0.002125983442128554
2025-01-24,197726.2786738754,130098.01710188341,150219.67910515596,120863.47114054523,174967.29415710492,-0.002361304134919138,-0.005651073294553277
2025-01-27,176619.9770909916,126310.25547211239,135446.4153367261,111383.66296106752,155840.48806953026,-0.10674505040220776,-0.029114676104592063
2025-01-28,181770.0093299866,128177.09916753741,138111.5773270977,111881.49677763715,158022.5116234064,0.02915883199521544,0.014779826772159499
2025-01-29,181418.12999671572,127936.39034841227,137583.14124855658,112342.66082485806,158334.50250503095,-0.0019358492336989295,-0.0018779393564720692
2025-01-30,185816.48753976455,128481.68921645921,140822.69372106527,114627.45093615496,161806.5487602653,0.024244310880772908,0.004262265541195243
2025-01-31,187258.61709266805,128295.00937322018,139932.38979251325,114307.78498155811,161409.0610680796,0.007761041939805694,-0.0014529684687171196
2025-02-03,184209.34239352745,127268.23251620989,137152.35498075574,112248.3233914293,158449.16905089974,-0.01628376171138559,-0.008003248622269643
2025-02-04,195735.79799794342,128830.50125039139,138697.4586080677,113401.2012794053,162553.20398310688,0.06257258972127457,0.012275402143127279
2025-02-05,199202.0741773805,129415.13369568913,141954.23409122194,115596.9074597158,166519.91927189732,0.01770895367577848,0.004537997132848748
2025-02-06,203371.71388843362,130090.63922720918,142649.2471900293,115444.95070732143,168448.49316155756,0.020931708308118434,0.005219679586380144
2025-02-07,202409.49047991436,128449.76368923915,140725.04391032495,113647.49546522844,167770.58330548496,-0.004731353196183091,-0.012613325199395509
2025-02-10,207800.27336945795,130004.65454874646,143378.71510186367,115130.52214012881,174012.45886484304,0.026633053997428636,0.012105050370268433
2025-02-11,204481.51669924762,129695.16100438678,143522.31052446394,115235.32629084699,171575.14836366114,-0.015970896555606268,-0.0023806343352392734
2025-02-12,206234.89438739716,129771.32360429551,142741.14720548518,115361.08804870113,170697.78975177897,0.00857474903576947,0.00058724318871195
2025-02-13,207107.47565882484,131638.16729972055,144699.80529821652,116775.98839975114,172820.67961203065,0.004231006949719142,0.014385641169211594
2025-02-14,207946.39289894383,132190.87421779823,145078.90495060888,116896.52082772015,175143.21705552883,0.004050637174975613,0.004198682869986037
2025-02-18,210960.70163154535,132490.5305959256,147169.67645884346,118830.20454495665,181544.03602304644,0.01449560480746791,0.002266846179061366
2025-02-19,202272.98257786827,132527.40488161833,147812.9941505064,120805.81153398426,179704.14953223965,-0.04118169396710976,0.0002783163862871696
2025-02-20,198000.7838002216,131964.86079730839,148077.20339804108,121088.79966171335,177877.3726799974,-0.021120956062444136,-0.004244737794514619
2025-02-21,191772.8579668969,129226.02473624855,143591.24652572576,117373.38897963469,171150.8381320742,-0.03145404636179878,-0.020754282954661307
2025-02-24,180551.84480137,127700.5699370467,139817.5081793915,114616.96810382749,164708.75155244963,-0.05851199843652463,-0.011804547902137585
2025-02-25,178748.62816656323,126091.635013975,136847.92354143783,112253.56883635264,160424.39095321033,-0.009987251234073635,-0.012599277543278498
2025-02-26,182536.7612382407,126396.21751905767,140047.27140563505,114208.21016072518,165428.14624580214,0.021192515492468984,0.0024155647204424646
2025-02-27,175483.83083597972,122886.03899410453,131414.2087464057,107558.21074086653,156424.89422044082,-0.03863841099413247,-0.02777123076822996
2025-02-28,176655.73641836186,124826.6010855585,133700.27987612088,109271.81138185828,157692.05019357972,0.006678139956253176,0.015791558645218196
2025-03-03,170247.07740557042,122095.07500462065,128094.25584900999,105409.6652197513,149808.67152351176,-0.03627767284960526,-0.02188256395017607
2025-03-04,170002.02782187078,121726.61881358047,129369.39164176697,105996.5910248264,149862.3319034797,-0.001439376155138894,-0.0030177809467436534
2025-03-05,172801.49423298598,123313.45028798612,131764.5857975836,108281.38113612331,152323.50040985298,0.01646725304976082,0.013036026876223517
2025-03-06,166588.0136539755,119921.17442487665,126238.97977883153,103779.91917986081,142834.00066281934,-0.03595733131006923,-0.02750937432362144
2025-03-07,174483.3728091248,120803.01904442199,129288.98242514406,106824.57362832039,144344.1597201627,0.04739452126218968,0.0073535355517866385
2025-03-10,167084.30156353873,116121.13142499358,123223.44073728197,101882.91328949203,137440.23159557173,-0.04240559502297234,-0.03875637924004838
2025-03-11,167401.95394194743,115843.56340785397,123045.38170991877,100677.62929739743,139960.45757633014,0.0019011503500699451,-0.0023903316625785154
2025-03-12,168157.1025859451,117150.36757356196,126664.03383481978,102752.81110725805,144153.52606479498,0.00451099061997536,0.01128076629607011
2025-03-13,166987.38445191542,115042.76979597696,126106.87515506422,102239.26512847574,142403.72535551788,-0.006956103049122368,-0.017990534910285905
2025-03-14,168476.38618877958,117823.42135736308,130139.08174538464,105393.95305753865,147995.00383637694,0.008916851663683011,0.024170589480047022
2025-03-17,168517.52376873183,118587.34822738651,131511.86734888193,107133.75675058972,150258.74830307896,0.00024417415925677617,0.006483658861903274
2025-03-18,166776.38664448794,116565.74267210338,129478.53225134028,105712.32175156307,146887.9778525582,-0.01033208348488061,-0.01704739658573684
2025-03-19,168946.7953717729,118125.55211472682,130621.56342032991,106572.83255959686,149472.45944508357,0.01301388506462569,0.013381370948848614
2025-03-20,167588.90981891722,117725.16285262744,130414.78179175228,105722.82069892877,149217.95320521528,-0.008037356079277034,-0.003389522884180929
2025-03-21,167652.36667767086,118113.25565693647,129105.18239423234,104615.69340430849,149247.48141456628,0.00037864593082086217,0.003296600275634054
2025-03-24,167846.7854529266,120705.17545083878,132471.08969522393,107721.93952864181,153220.11414226567,0.0011596542244435785,0.021944359923755208
2025-03-25,167874.32065179668,121393.99585843242,131908.19001191985,107139.51787673438,151932.45998943853,0.00016404960509530664,0.005706635237642921
2025-03-26,168989.07002249046,119160.25754666817,127519.86536687298,104138.20482342453,145733.83887163879,0.006640380532088375,-0.018400731403299342
2025-03-27,168442.17751635748,118481.28939298508,125072.97580391195,102086.60737192113,142384.13206595037,-0.0032362596353727735,-0.005697941307463039
2025-03-28,167701.47661233094,115361.94208594706,121867.88693616621,99001.33496976197,138284.04509381915,-0.004397360061167754,-0.026327762999705406
2025-03-31,168872.57376934172,115357.01595899179,121465.81447784389,98733.7447610013,136850.3116893083,0.006983225077486721,-4.2701491204111264e-05
2025-04-01,168995.71761372744,116286.92237766732,122051.69575881388,98786.22338279168,138475.08895414593,0.0007292116276612637,0.008061117140947038
2025-04-02,169023.0689547061,117135.62691189183,122970.71349684442,99421.09948393224,140598.69847509,0.00016184635542793036,0.007298366117800992
2025-04-03,163380.70529548303,110864.95396372178,112333.05592475964,89388.73887578935,125914.31124355379,-0.03338221045279377,-0.05353343908669894
2025-04-04,159432.31514721113,103979.25444237837,103849.33848341502,82709.25699360445,115166.20781232946,-0.024166808076455548,-0.0621088926226101
2025-04-07,159122.72583697335,104230.17761969253,106204.3280309202,84619.17908706394,118757.74656274356,-0.0019418228353011706,0.0024132042363624873
2025-04-08,159122.72583697335,102353.14974143502,103361.10701318533,81255.82558629749,116223.46537602812,0.0,-0.018008487763556236
2025-04-09,159122.72583697335,114638.67650886223,121098.21441602038,96346.33408665787,134674.15572065997,0.0,0.12003076406014834
2025-04-10,159122.72583697335,109762.84432910764,112700.66477831901,88470.50400104187,126207.93560697125,0.0,-0.04253217437814427
2025-04-11,159122.72583697335,111785.00812848678,115630.03601622532,90385.67959694375,127779.8823078861,0.0,0.018423026587357505
2025-04-14,159003.38379259562,112542.71133122366,115802.35404004002,90983.84564114021,129419.80044639223,-0.00075,0.006778218433960204
2025-04-15,158712.5672503387,112668.16537604162,116554.80354954029,91356.3930934816,130692.74409431506,-0.0018289959327926764,0.0011147238531399317
2025-04-16,156714.78700158384,109270.82759687243,111632.30182240375,87830.36633993982,127056.54282306833,-0.012587410583585035,-0.030153484507626782
2025-04-17,156714.78700158384,109251.15326440791,110586.9116724185,87389.6200460763,127135.4777275132,0.0,-0.0001800510977835179
2025-04-21,154761.4774144536,106547.54693210933,107887.2860772839,85862.73629480482,122698.90496415991,-0.012464105171584805,-0.024746707485598374
2025-04-22,155715.03952024766,109344.6440628101,110225.0438224076,87531.29540412022,125920.5228825409,0.00616149523592624,0.02625210257053645
2025-04-23,156549.63648574456,111824.3718810941,114251.5094091795,90810.70567107551,131779.23209540598,0.0053597710797124165,0.022678091273127032
2025-04-24,157478.289778076,114970.78648294914,120029.8514601051,96036.76420347254,139315.73672732155,0.005932005421270925,0.02813710954889781
2025-04-25,158065.79491823277,116252.46966433698,121753.0141147803,96970.73541298998,141272.1829029151,0.0037307056165311048,0.011147903050814811
2025-04-28,158246.96188021425,116215.58029096597,120994.81480999562,96797.58738540618,141450.92341133085,0.0011461490582144185,-0.00031732120167005107
2025-04-29,158942.98155835876,116983.11311609602,120788.03318141798,95763.91243475043,141252.22827416443,0.004398313053689762,0.006604388354886526
2025-04-30,159483.50482102015,116968.3498229085,121356.6826600065,96461.76610504706,141965.69574378105,0.0034007369017607925,-0.00012620020782727615
2025-05-01,160022.21310508935,118496.04514233349,121942.56394097648,96330.58969436886,144911.36451396364,0.0033778307334905167,0.013060758074624035
2025-05-02,161687.97187519807,120254.98930660814,125808.19351103072,99709.6956449434,149337.02165645038,0.010409547135901587,0.014843906074349267
2025-05-05,161674.33220742506,119541.56843959472,124992.55779555309,98943.62701808647,148412.26176423373,-8.43579619116408e-05,-0.005932567714046821
2025-05-06,161538.06760917156,118429.62918258744,123832.29482418198,97999.16491872244,146698.0948018259,-0.0008428338400598978,-0.009301695397857856
2025-05-07,162015.4256252535,118894.57862000563,126376.83419788335,99714.94108986671,147444.15015045626,0.0029550806391772655,0.003925955359544098
2025-05-08,162205.80046466776,120122.157387116,127485.40176211008,100606.93262495946,149695.15185050856,0.001175041442378233,0.010324934756140491
2025-05-09,162287.3038797636,120043.42233806218,128318.26048823325,101761.2850389277,149824.3750636425,0.0005024691771956524,-0.0006554581666401438
2025-05-12,164866.73966102258,124934.02535484346,136365.4418664926,109070.42980740618,158336.45224885934,0.015894254939191277,0.04074028315361189
2025-05-13,165013.77477198304,126838.11298407883,141046.69836028854,112160.93959696958,165129.45307742016,0.0008918421706084478,0.015240745055858929
2025-05-14,164359.38470208825,127598.26039069555,142442.46556145174,112701.38963197143,167774.51773138563,-0.0039656693557795775,0.005993051999379162
2025-05-15,168341.65890625794,127738.4701848619,141948.49308767353,111977.30067953916,166914.87072943329,0.02422906493223853,0.0010988378190819326
2025-05-16,167503.34788784388,128294.46621680254,141540.67962580264,111830.37987657191,168221.13416584607,-0.004979819159801002,0.004352612264230116
2025-05-19,167772.65762187686,128417.47605774067,141305.1753960106,111158.76148841094,167442.41417168555,0.001607787172190151,0.0009588086264786799
2025-05-20,166460.29269227193,127989.40844985435,141035.2075614556,110996.09629315468,166504.55192256992,-0.00782228134314189,-0.003333406176693976
2025-05-21,165882.85335240673,126210.78240927603,138697.4586080678,108965.48867886359,163112.18370524663,-0.0034689314221781897,-0.01389666584227689
2025-05-22,166302.8166854055,126446.97246875922,138318.35895567545,107958.05706786257,165232.7242804056,0.0025316862141657737,0.001871393671558641
2025-05-23,165646.63934210708,125275.95740748438,136382.67366887408,106284.24445610476,163998.165469179,-0.0039456778687020355,-0.009260918141509089
2025-05-27,167326.46194507784,128223.11658626207,140707.81210794355,109815.50859705076,168704.49485542937,0.010141000201648875,0.023525337501045573
2025-05-28,166250.31102577253,127654.80900885284,139208.66288422747,109264.56767220228,168569.77682940496,-0.006431444893985394,-0.004432177227784773
2025-05-29,165489.15309223256,127905.76236152355,140196.60783178388,109710.56746850818,167588.00418902107,-0.004578385019815001,0.0019658746475685884
2025-05-30,165462.89001940796,127704.04010304899,137709.5048687755,107533.04710876897,166127.4647811214,-0.00015869966299220106,-0.0015771162670873418
2025-06-02,167588.92878519397,128712.66648310007,139748.5897616016,109154.38109873638,168535.36442814182,0.012849036817480064,0.007898155604452173
2025-06-03,168927.5465446154,129718.83357159306,142901.974430467,112087.48725300502,172818.3978417134,0.007987507105181146,0.007817156741330544
2025-06-04,169006.28454804866,130080.4550443768,144602.16427921221,113756.05441983951,174583.18233614397,0.0004661051737493427,0.0027877329978005516
2025-06-05,169609.98696073846,129101.34016302253,144343.6872434902,113278.56583895558,172986.34178766215,0.003572070791948434,-0.007526994589773239
2025-06-06,173389.58525667063,130363.36409962413,145165.06396251632,114039.3890208892,175511.1366309677,0.02228405510582987,0.009775451866014473
2025-06-09,172969.6424096881,130555.2491918664,147594.71293135997,116725.87868857132,177668.9035084345,-0.002421961194271849,0.0014719249811292467
2025-06-10,171001.0898937766,131418.7321069567,150529.85154802253,119275.95455817101,177832.71117089724,-0.011380913370040102,0.006613927210397552
2025-06-11,168481.35086781642,130975.89366204372,150420.71093844925,118877.1637661749,177427.25119416462,-0.01473522202417199,-0.0033696752191505475
2025-06-12,170869.84623071045,131283.41072054996,151150.1788502836,119039.82896143115,179795.19488524317,0.014176615694207806,0.0023478905156373298
2025-06-13,168218.85329867594,129635.20257094054,147611.94473374143,115938.82022450207,176866.9764173215,-0.015514691389463153,-0.012554580510692248
2025-06-16,171945.95617798326,131438.40643942126,151282.30105752277,119600.35027646985,182050.1345397946,0.022156273248931102,0.013909831841346865
2025-06-17,171473.51791437587,130156.72325803342,150254.14270991896,118653.80933718228,181189.01770672743,-0.00274759740856223,-0.009751207551185304
2025-06-18,172812.12543078916,130134.57454633254,150828.52440032008,119137.5908404704,183701.39276998898,0.007806497077185615,-0.00017016955518278643
2025-06-20,174072.0154297855,129603.2166930074,149495.94340513425,118375.11586712468,182688.87708893625,0.0072905185087890345,-0.004083141280305624
2025-06-23,176854.20080984558,130935.8509639142,150443.69253611512,119111.29915570118,183058.96698532885,0.015982956095446088,0.010282416632169111
2025-06-24,178192.83905528326,132938.13674717213,155969.29855486721,123628.4007565046,189999.1100648485,0.007569162843222399,0.015292112653010337
2025-06-25,178980.26006164783,133277.97161253347,158071.56086193476,124737.95336436901,192048.5911231633,0.004418926206795071,0.002556338411810577
2025-06-26,180975.02443534334,134524.16857462947,159220.34182620887,125716.03143334911,195432.55096477485,0.011145164125967888,0.00935035960570385
2025-06-27,180187.623914995,134984.71995383187,159921.09592856473,125605.60313431073,193866.59303744065,-0.004350879480774172,0.0034235586369515403
2025-06-30,182103.68101428164,135859.02073424202,160185.30517609938,125521.46652004156,197120.41721773127,0.010633677594808377,0.006477035183753976
2025-07-01,181368.76566755,134713.80560280947,158439.16092375826,124953.54840248429,193273.67217142554,-0.004035697371070679,-0.008429437554041574
2025-07-02,180030.12742211233,135652.138489799,161546.5999807637,127330.41178434753,196479.91822347266,-0.007380754015227753,0.0069653802948459465
2025-07-03,183172.35453765796,136986.99064941154,162907.91236889985,127961.4363913662,198809.2562843263,0.017453895970301225,0.00984025887445128
2025-07-07,182010.53109842088,135955.0839817893,160690.77724044645,125563.53482717613,196416.05492424747,-0.006342788147095657,-0.007532880770139472
2025-07-08,181112.75192255073,136031.42763383727,162827.50315227697,127961.4363913662,198034.23684581075,-0.004932567200656712,0.0005615358382493607
2025-07-09,182908.2897882748,136994.38361176403,163941.8205117881,128371.59634278902,199817.8244468935,0.009913922938413089,0.007078922824501843
2025-07-10,181561.6415104858,136797.3687089098,165148.01151154737,129649.43023671083,199992.98845717014,-0.007362423427324294,-0.0014381239409970714
2025-07-11,179422.83995657985,136489.50463380336,165130.7797091659,129449.60376344182,199533.5996228302,-0.011780029835114836,-0.0022505116729369945
2025-07-14,179079.576268398,136984.54644553174,163884.37530935925,128219.10779413514,199417.68123831262,-0.001913154915310078,0.003626958813108594
2025-07-15,177389.6438164109,137110.12119177586,167032.01018294023,129496.92557301877,201887.17872725,-0.009436768207750745,0.0009167073914724266
2025-07-16,177891.34635422262,137250.51203808145,166158.9380567697,129144.6024935768,201598.9717042931,0.002828251565412332,0.0010239276654802065
2025-07-17,180347.00512137206,138361.23673698798,167554.69646619694,129638.91517430697,204446.14556827076,0.013804262081752228,0.008092681640403221
2025-07-18,179686.8842199467,138228.25394071313,166750.56913302408,129744.0819133839,205422.85669042388,-0.003660282026757833,-0.0009611275485174042
2025-07-21,180452.61053510907,138944.93374623297,166865.44195440997,129859.77177238374,204210.2292769359,0.004261448009889701,0.00518475626428172
2025-07-22,179977.3349582519,138225.79464915508,163913.08911883776,128066.6111879622,200274.4941248773,-0.0026337971805882043,-0.005175712979872404
2025-07-23,181191.9713473656,138856.2785487164,164625.32522829066,127288.34347721295,204862.49517568765,0.006748829731229478,0.0045612608063612115
2025-07-24,180320.59864643373,139151.80090299773,165308.84752826503,127025.41051448253,205740.6317983718,-0.004809113198847803,0.0021282606546138005
2025-07-25,181376.81667193378,139486.74736059946,165130.77970916592,127014.88739455957,207260.75210068605,0.005857445202758216,0.0024070580145436615
2025-07-28,179343.6205317648,139922.69073654292,167382.39602585408,129228.74716536506,210560.76671050047,-0.01120979063077554,0.0031253390317895757
2025-07-29,179449.24643151808,139705.95623818936,168238.21876617134,129460.12688336476,210986.96572770065,0.0005889582213187694,-0.0015489589087566147
2025-07-30,180294.19217149538,139893.11888713305,170168.18063289602,130385.62158280642,213547.0244788634,0.004708549948131191,0.0013396898312951766
2025-07-31,179766.1036447616,139151.80090299775,165871.74721156913,126220.85917648314,213730.476393618,-0.0029290379261438515,-0.005299174041100696
2025-08-01,177204.7780058264,136410.70169019737,163097.46219509607,124753.72998673435,205726.74582005135,-0.014248101210429964,-0.019698625493975497
2025-08-04,180848.70765918374,138927.68852996998,166681.64192349825,126415.42408979066,210140.41203582406,0.020563382626384463,0.018451535023175536
2025-08-05,178287.40250626477,137984.4370598643,164906.78386167862,125537.24314240688,209595.9555185645,-0.01416269536051007,-0.006789513883707743
2025-08-06,182749.87142466108,139720.72707521604,164631.0750235751,124590.70220311932,209704.35922154694,0.02502963673072478,0.012583230778398846
2025-08-07,184571.83625133976,140193.57491220877,167215.81021385198,126646.7957502713,211690.7851849848,0.009969718788173099,0.0033842354451689705
2025-08-08,189562.4141824861,141501.34468932604,168600.08661618223,127714.28810852021,213166.05619964242,0.027038675198259643,0.009328314638785917
2025-08-11,186605.03239150866,141082.6465296456,168525.40961137193,127472.39332811662,213363.7137942404,-0.015601097948301224,-0.002958969475517881
2025-08-12,188479.7691960315,142855.88626908138,172373.81617078057,131547.76561772835,218078.55000663272,0.010046550087617678,0.012568801217258008
2025-08-13,185892.0985402067,142927.32642569148,173051.60625894237,133503.94592824578,217146.7973727612,-0.0137291692729814,0.0005000854950809597
2025-08-14,182987.5296991059,142816.4923411175,173419.20632076586,133640.6659120534,216235.9155305854,-0.01562502582901637,-0.0007754576213360176
2025-08-15,174801.91170253733,142188.4828207925,169817.79478998223,130580.19455363303,214644.6431705192,-0.044733201273488565,-0.004397317914971555
2025-08-18,176782.2948928296,142131.82858888735,170512.79909705365,130964.06282028665,215701.98834103325,0.0113292993823908,-0.0003984445911597856
2025-08-19,176280.6333270504,140203.44225379755,167072.22358298764,128913.22277557709,209369.5508885173,-0.002837736471762331,-0.013567589710448358
2025-08-20,177204.7780058264,139371.0097805876,165975.138025858,128171.78598455818,206249.26705462858,0.005242462891890343,-0.005937318369851896
2025-08-21,176967.1402173978,138725.7550439996,165113.5479067845,127446.1016433474,205631.54182726,-0.0013410348812421535,-0.00462976294427242
2025-08-22,177759.31397953094,140865.92711897028,168663.28161389555,130985.10100261348,210239.2802027879,0.004476389013011062,0.01542735935581585
2025-08-25,177284.01791665755,140459.58576779324,168824.1176306132,130680.09973274845,210461.5932611257,-0.002673818053371524,-0.0028845964349764053
2025-08-26,180584.64290980058,141023.53300618235,170449.6216828122,131910.6118170933,212063.23152476733,0.0186177244397443,0.004015014249874049
2025-08-27,180716.6957705084,141240.2825922142,170972.3079660689,132168.26710482407,213857.99410745312,0.00073125188598544,0.0015369745843931693
2025-08-28,183330.79338728773,142124.4356265349,171673.06206842474,132804.55327180424,222704.2694313955,0.014465169394746846,0.006259921164795568
2025-08-29,182433.01421141755,140479.27518793612,166739.0871259271,129002.6290073268,213851.412878607,-0.004897045167821856,-0.01157549320316631
2025-09-02,179026.78380453755,139302.05909089214,164550.66580695217,127693.24992619337,213032.52353541352,-0.01867112935453996,-0.00837999836964598
2025-09-03,178683.47914432324,140397.99786509373,164521.93441400185,127088.51700394393,213802.08660241892,-0.0019176161964075122,0.007867355165845025
2025-09-04,179528.44537031677,141668.80283044867,166492.07451383024,128397.88802755825,217164.85851399435,0.00472884359561343,0.009051446492677417
2025-09-05,176650.30349017054,141873.22578333362,168456.49998531782,129912.36319944126,218769.3430136079,-0.01603167606230549,0.001442963791609131
2025-09-08,176332.49459904243,142565.28249791623,170317.49947557296,130858.89608120974,220012.89086532991,-0.0017990848860658924,0.004877993791721602
2025-09-09,176332.49459904243,142969.17964521344,171058.46697797618,130969.32438024812,223126.51714196044,0.0,0.002833068052898069
2025-09-10,176332.49459904243,143015.98162320806,172793.11163974841,133277.82777020757,233821.78281240305,0.0,0.000327357113685256
2025-09-11,176332.49459904243,143848.414096418,174573.71949685246,134192.81546476443,233767.10488365407,0.0,0.005820555603380573
2025-09-12,176332.49459904243,144483.81657909547,174797.75051128338,134429.44868520656,233134.8653142768,0.0,0.0044171671037789295
2025-09-15,176332.49459904243,145720.14619960263,176434.75415405125,135565.2929778402,238113.82686890155,0.0,0.008556872664215343
2025-09-16,176332.49459904243,145597.00056956004,176457.71816824534,136261.39816649572,237401.732883619,0.0,-0.0008450830805090126
2025-09-17,176332.49459904243,145306.39679839485,175331.91880163713,136235.06619413107,236901.8311780708,0.0,-0.0019959461391949596
2025-09-18,176332.49459904243,146616.6258670702,182063.75098709215,140998.76816648286,244927.80869818266,0.0,0.009017008869149912
2025-09-19,176332.49459904243,147609.12351905028,181340.0152870704,140097.66357730672,245954.93622310495,0.0,0.0067693390576313295
2025-09-22,176332.49459904243,148482.97166911233,185050.5674274273,142189.70171708986,249621.66649739203,0.0,0.005920014489817493
2025-09-23,176332.49459904243,147496.7052282579,184780.6083846082,142021.0739577119,247842.4003237738,0.0,-0.0066422865178928925
2025-09-24,176332.49459904243,146978.9111976978,184441.70454879143,141805.03575604703,246929.53401486482,0.0,-0.0035105464204016057
2025-09-25,176332.49459904243,146345.24379802146,184412.99073931293,141351.83253768052,246266.9623190948,0.0,-0.0043112810845634675
2025-09-26,176332.49459904243,146946.84988137335,184849.5355941341,141662.7399690337,245299.8294326603,0.0,0.004110868708396165
2025-09-29,176332.49459904243,147627.3796097574,185332.00847734342,141715.4361438393,248716.43610681736,0.0,0.004631128390526484
2025-09-30,176332.49459904243,148031.75956275928,187457.23479860503,142869.4823720824,253291.07877915722,0.0,0.0027391934617468916
2025-10-01,176332.49459904243,148741.8611405532,191667.50920802457,145620.2226969358,263213.42755379534,0.0,0.004796954247462626
2025-10-02,176332.49459904243,149353.34965317216,194280.97579125184,148439.4519339983,265180.4592871727,0.0,0.004111072081054212
2025-10-03,176332.49459904243,148724.61592429024,193384.92206741538,147527.80810986107,262397.3921158747,0.0,-0.0042097062459061085
2025-10-06,176332.49459904243,149841.5567466441,197233.32862682405,151954.2867935332,269249.3971739549,0.0,0.00751012746217139
2025-10-07,176332.49459904243,149052.54661149625,193597.45349127747,148555.39963360885,266255.011015415,0.0,-0.005265629590874843
2025-10-08,176332.49459904243,150761.25635096978,198778.44104587194,153630.02515235194,278058.51934709714,0.0,0.011463807753162802
2025-10-09,176332.49459904243,150578.80105764646,198284.45098862192,152918.62679247608,277104.51588919736,0.0,-0.0012102266705616982
2025-10-10,176332.49459904243,145351.5693071363,186871.3711011069,143327.92297785313,264542.6113743977,0.0,-0.03471426066481298
2025-10-13,176332.49459904243,148436.1244280829,195148.29812213796,150115.19029281705,272809.1623024436,0.0,0.021221340338120287
2025-10-14,176332.49459904243,147447.39869567042,191558.38618192318,147037.749799207,266458.93527517054,0.0,-0.006660950871777316
2025-10-15,176332.49459904243,148487.9053399067,196314.31088879352,151574.87433493274,273285.61938140256,0.0,0.007056798922467911
2025-10-16,176332.49459904243,147938.06508070038,197187.36543149225,152281.0030773281,273168.3312687375,0.0,-0.0037029295951590546
2025-10-17,176332.49459904243,148909.5305091716,196917.40638867315,151854.16406140255,271111.30101105233,0.0,0.006566703626556647
2025-10-20,176332.49459904243,150785.9096172635,199438.9817481804,154383.58045207235,271698.9402777738,0.0,0.012600799301938137
2025-10-21,176332.49459904243,150746.4704262648,198336.14639576632,153519.347070222,270698.9994623592,0.0,-0.0002615575361040179
2025-10-22,176332.49459904243,149294.17577899585,194487.75741982946,149725.23859925548,266351.47606360854,0.0,-0.009634020903854679
2025-10-23,176332.49459904243,150549.2141205583,198048.95555056573,153377.0673982468,272607.28558980534,0.0,0.008406478919983362
2025-10-24,176332.49459904243,152156.82132794222,201690.59806486857,155906.48378891658,278603.1414219938,0.0,0.010678283621570861
2025-10-27,176332.49459904243,154866.61360833162,206745.19562403654,160238.09324290042,284411.14689599647,0.0,0.017809206690438284
2025-10-28,176332.49459904243,156057.52931724506,208565.99929771616,160433.0690896812,286466.55867629364,0.0,0.007689944792912851
2025-10-29,176332.49459904243,156760.25302036482,211725.13376186602,163146.9220921707,295254.6353407592,0.0,0.004502978524613344
2025-10-30,176332.49459904243,154363.6055024765,208922.1349359144,160938.9523678152,290165.41710306704,0.0,-0.015288617310262875
2025-10-31,176332.49459904243,155108.25786350956,208514.30389057173,161539.68876059927,292991.9473332416,0.0,0.004824015081852373
2025-11-03,176332.49459904243,155850.40566994975,210283.42974057872,162504.0287595421,294879.73311307456,0.0,0.0047847085426828695
2025-11-04,176332.49459904243,152686.94199164922,202621.09780999616,156117.26848813906,281805.19439255423,0.0,-0.020298077920951396
2025-11-05,176332.49459904243,153680.63157021266,206492.46838359893,160970.57007269852,285102.04435124394,0.0,0.006508019386607167
2025-11-06,176332.49459904243,150817.97093358808,201661.86667191828,156770.68494069058,278594.11389221746,0.0,-0.018627335191010785
2025-11-07,176332.49459904243,150342.090473263,199955.93581962454,155126.58040179336,276668.9677277087,0.0,-0.003155329947613583
2025-11-10,176332.49459904243,153668.28984938748,206084.65492172807,159142.02892198166,285434.0031339955,0.0,0.022124205973549582
2025-11-11,176332.49459904243,153258.99131326948,201638.88507425235,155532.34094779665,278128.3749740736,0.0,-0.0026635198225943846
2025-11-12,176332.49459904243,153138.16918568054,204212.13825743223,157914.20804901072,278520.72097945865,0.0,-0.0007883526216219128
2025-11-13,176332.49459904243,150011.7004944989,198060.45514113462,152491.7877765505,267098.2532217993,0.0,-0.020415998883927977
2025-11-14,176332.49459904243,150125.11457205712,198152.3639483264,152038.58455818403,269518.9997004371,0.0,0.0007560348771753489
2025-11-17,176067.9958571439,148842.9636726429,195464.20277681705,149424.8704028634,263593.51206757367,-0.0015,-0.008540549015193744
2025-11-18,175139.89954892948,147030.67702184344,191437.76356525288,145957.47821569175,258377.14310059798,-0.005271237987893196,-0.012175830190974346
2025-11-19,177448.83697403953,147908.46305593406,194970.24788651062,148397.2949941538,259959.71115601572,0.013183388999632228,0.005970087684219916
2025-11-20,170771.01252235388,144407.2013488387,186733.5166820551,141278.07400799083,246473.04554140766,-0.03763239345807945,-0.02367181454499534
2025-11-21,172265.0442056459,145492.11103022462,187325.1477583095,142716.66346514612,246303.40493097235,0.008748742899773232,0.00751285026821602
2025-11-24,172581.9393863666,149212.80793008395,194786.43027212704,148971.69941457326,258095.36010641936,0.0018395791333174483,0.02557318657013896
2025-11-25,172763.03730983913,150132.52262208785,195297.6521317585,149435.40963782454,258897.49688195446,0.0010493445844705906,0.006163778463540881
2025-11-26,172197.11939166562,151459.04638329515,199720.4227980965,153550.98089014352,265041.68492978846,-0.0032756886367919513,0.008835685553265638
2025-11-28,174166.5200313949,152686.94199164922,202345.3889718926,156370.21012720605,270515.87738006614,0.01143689654441804,0.00810711302939704
2025-12-01,172129.21203458947,152174.0816318835,202735.970631382,156465.06324185617,269173.8694553835,-0.011697472031009126,-0.003358901246406143
2025-12-02,174008.06371258246,153364.99734079692,206452.25498355157,159584.6606753107,272108.79455339035,0.010915356294174172,0.00782600884554241
2025-12-03,176000.07104316357,153739.79035671064,209289.7349977379,163020.45127263715,270000.09473911923,0.011447787465018733,0.0024437976227449365
2025-12-04,176022.71264782365,153596.78934206426,207698.67696683,161397.4252036622,270435.26205625344,0.00012864542909496457,-0.0009301496659684938
2025-12-05,176498.09906116503,154223.06377938815,209318.46639068818,163041.52974255942,274222.81986782176,0.0027007106423391214,0.0040773927632637985
2025-12-08,178512.74799640622,153927.17932082832,211690.67015710298,164812.12121602826,275854.4946889121,0.011414564496488033,-0.0019185487002324475
2025-12-09,179984.1555319423,154117.02757650413,211949.14719282507,164506.48340215566,275439.4950154318,0.00824259080682399,0.001233364091471456
2025-12-10,181659.25022489857,154748.25077230073,214878.5360142032,166693.35854155076,281181.1013828038,0.009306900865831969,0.00409573948915698
2025-12-11,179440.8443046206,154247.73213336017,213034.7507428577,165739.55777756905,277994.4343535209,-0.012211907279874312,-0.0032344057942019777
2025-12-12,176113.27906646405,151298.7699770292,203402.26112897493,157814.1014319182,263496.60922104376,-0.01854407925381618,-0.019118350173092713
2025-12-15,177131.9243364147,150539.34677896948,202701.50702661907,157039.4515472374,260716.27585148538,0.005784034431419727,-0.005019361348245099
2025-12-16,175547.36114829054,150837.69052908733,202150.08935041202,156314.3554049197,262288.4363124788,-0.008945666875467828,0.00198183236809113
2025-12-17,172038.66307285317,148041.61181666979,194855.35748165293,150525.12463370556,251872.33184506203,-0.01998718780211939,-0.018537002937461078
2025-12-18,174189.14417915084,150186.7477377914,199456.21355056184,154118.98764041072,257352.1664206869,0.012499987316147543,0.014490087582794464
2025-12-19,177516.72687421157,152144.50978247356,204614.2195074904,158219.45910196734,266058.27064626786,0.019103272541705296,0.013035517941304642
2025-12-22,176814.99424188575,152873.8028870274,207250.22810158803,160346.22514900003,267229.2695595686,-0.00395305076136887,0.004793423736397351
2025-12-23,176611.2721706573,153589.75848399027,209243.7893858778,160937.27640384584,268347.23361203563,-0.0011521764435304949,0.004683311224304099
2025-12-24,176611.2721706573,154039.0997182378,209825.73196916058,161560.00982372765,268767.80720226944,0.0,0.0029255937289227596
2025-12-26,176928.18480828212,154029.2172889707,210799.4518880164,161507.2330737312,269890.4544789684,0.0017944077619156396,-6.415532994641371e-05
2025-12-29,176090.63746180397,153283.6294918849,209848.76631724197,161127.27270383303,268448.3370995457,-0.0047338265940256585,-0.004840560837798935
2025-12-30,175230.44851066574,152928.1034411224,209330.21214986246,160916.1818188854,267339.21604360105,-0.004884921558222066,-0.0023194000033860407
2025-12-31,174370.24210262336,151664.0577556326,207497.97921950126,158926.6192068053,264321.2956794318,-0.004909000777852834,-0.008265620622022962
2026-01-02,173050.29066734252,151370.27048435234,215086.19681637167,165544.38855033024,272829.479371176,-0.007569820511598602,-0.0019370922526258383
2026-01-05,172003.43504031346,152572.59247803813,217557.99336716265,167850.57943231275,272918.82284661254,-0.006049430041359827,0.007942920296294842
2026-01-06,171206.91141854713,153913.17795539342,223337.02996522505,173280.94441858918,279067.2467423543,-0.004630858805695581,0.008786541904950873
2026-01-07,170046.25423347706,154061.32386833,221838.97091676167,171454.99778901716,274128.1627515848,-0.006779265950500268,0.0009625291018258153
2026-01-08,168316.6590858185,153184.86554992717,218358.88534152103,168652.72157210615,265622.0730043677,-0.010171321652776677,-0.005689022373661312
2026-01-09,168134.6010326187,154710.62210269444,224258.91380916187,173507.87638605482,271766.2810639074,-0.0010816401310994594,0.009960230387576985
2026-01-12,168430.4606438595,154839.00315709683,225088.60751035783,174336.41495836555,276324.8791872343,0.0017596592814550505,0.0008298140919966723
2026-01-13,171753.10303505068,154609.39886917867,225589.87712494045,175893.20822047474,278404.95476566907,0.019727087241165897,-0.0014828582155441694
2026-01-14,169340.76836676267,152957.73564124532,223757.64419457928,175154.39818067703,274105.6531853833,-0.014045362940520945,-0.010682812558703958
2026-01-15,171252.42156762103,153508.30010900865,228401.61493638554,177961.92790003042,277831.088158893,0.011288794891481935,0.0035994548785334146
2026-01-16,171115.87366349512,153379.91905460626,230694.79858045105,180732.52195190542,280917.54864835175,-0.0007973487491502729,-0.0008363134391510263
2026-01-20,166928.4336984747,150121.02581124578,224933.04653518557,178030.54573254494,274278.13502033916,-0.024471370629560396,-0.021247196265635315
2026-01-21,167702.21097415613,152150.42415235555,231582.09573532225,183724.7783537655,282060.2872834233,0.004635383310904961,0.013518415093042524
2026-01-22,169158.71031356286,153256.47167099826,232094.90010741734,184004.47095618944,285881.9421496263,0.008685033613726079,0.007269434343049719
2026-01-23,169750.3946222362,153740.36368848488,230521.93546901,181914.64057663517,282056.290069588,0.0034978057445376187,0.0031574002207581664
2026-01-26,175257.80347944162,154416.83483141425,229790.19928931116,181049.16633684596,283525.93406875647,0.03244415937566236,0.0044000880881227555
2026-01-27,179058.34607816927,155816.6696213372,234647.35204343672,185276.30199839408,288249.83509305795,0.02168544009610085,0.009065299074749289
2026-01-28,179695.55799282066,156332.65313050486,240051.87827525122,190226.42273226,296517.8286004716,0.0035586831254055262,0.0033114782290084577
2026-01-29,178489.4081155808,155396.96058721267,240564.6650638745,190580.0188997172,293111.9449315505,-0.0067121852688648564,-0.005985266190749683
2026-01-30,178239.05865341393,153530.50917142266,232463.64309490897,182753.7344989452,281985.6730298314,-0.001402601223288169,-0.012010861787367544
2026-02-02,183518.86439453732,154584.71542752848,235062.1988940347,186125.9512707034,287629.6809723791,0.029622046823025494,0.006866428449922912
2026-02-03,189140.05735287958,152209.67346492325,229133.3511160844,182405.4401790449,285497.6899380077,0.030630055263733302,-0.015364015491678096
2026-02-04,184702.2853825964,149550.7266603049,220110.44530318206,174352.2399258454,275732.85505900846,-0.023462887938135668,-0.017468973844366742
2026-02-05,187433.20855130593,147397.89602326544,219563.0894089649,174589.7111282722,268370.56140085193,0.01478554075848404,-0.014395320471625062
2026-02-06,193031.6377066592,150513.5770244838,231420.76738139367,183920.04427123323,286273.70461190556,0.02986892877000935,0.021137893316513612
2026-02-09,197492.1560230273,151666.532134869,234301.64340402643,186168.17267070053,292606.36321567197,0.0231077059147502,0.007660140255637327
2026-02-10,196377.0264439353,150962.903171053,233212.6814108766,185461.01256586253,289594.5781508672,-0.005646449973243484,-0.004639315964515389
2026-02-11,194670.1950992658,151367.79610511608,238985.95063018272,190089.23541234553,295068.0108417166,-0.008691603980248597,0.0026820690749720377
2026-02-12,170683.48360503255,148289.1402663732,233990.50387020997,185497.94823334095,285020.93269713124,-0.12321717498665874,-0.02033890905437341
2026-02-13,174893.66991613788,148605.15168774565,234918.155092903,187165.58072796176,288265.83542349655,0.024666629847137633,0.0021310489817716327
2026-02-17,174893.66991613788,148452.0721040147,234797.16322332455,186870.06315805795,286352.69208827644,0.0,-0.0010301095351836764
2026-02-18,177920.45269608824,149560.5940018937,237701.07359403867,188886.00608761722,287776.07497828134,0.017306416986970996,0.007467203941096567
2026-02-19,178785.25026991748,148987.8204717165,236347.07593017872,187788.31414784363,288202.2116189426,0.004860585507313386,-0.003829708848107294
2026-02-20,180241.7496093242,150306.19688665782,239129.99443131432,189682.86249489192,287718.98599309457,0.008146641499831908,0.008848887182637988
2026-02-23,176378.38196930508,148479.22992490133,237891.2212582766,188305.49406773256,279726.0312112802,-0.021434366057769712,-0.012154967656684001
2026-02-24,183866.49135641984,150074.11821950332,241509.60083936446,191060.26315212765,283079.6145044353,0.04245480258696266,0.010741490883328764
2026-02-25,184810.26171676125,152249.17300663504,245542.8272710503,194205.53184138206,292635.4812735584,0.005132911132305962,0.014493203844452518
2026-02-26,179605.2804381112,150412.353790968,237389.95164369402,188294.92260269512,286016.9521337749,-0.028163919201776633,-0.012064559559788246
2026-02-27,178542.3481112227,149930.92106503944,234140.3150500978,185914.86038575575,288163.8889330131,-0.005918157441115679,-0.003200752556519526
2026-03-02,175935.08019878663,150128.43386127657,234151.84980761027,185788.19618576425,288701.4027045114,-0.014603078429392458,0.0013173586531323167
2026-03-03,168318.28347308966,148521.2189335277,225319.0740754741,176674.27189034596,278166.8546916274,-0.043293223370182154,-0.01070559977488339
2026-03-04,170372.62760758883,150785.15523335006,229951.5276432397,180241.7384645338,286805.44781351316,0.012205115761102725,0.015243184213533878
2026-03-05,168666.22941360224,150330.86524062985,227790.87062626515,178246.90623497314,287202.0983468606,-0.010015682788651059,-0.0030128296914716524
2026-03-06,161530.8359465644,148069.40332004387,219269.2344279454,170726.7269841806,283333.0740735728,-0.042304814021427384,-0.015043230922446638
2026-03-09,165964.44709117926,150046.96039861673,227226.2125957793,177513.3496976178,292291.0958965814,0.027447459914598238,0.013355609155110137
2026-03-10,167789.25327649873,150049.43477785305,228931.68627780583,178801.0218223405,292221.796581305,0.01099516322503058,1.6490698843574236e-05
2026-03-11,169961.57454524093,150029.68500699717,231063.54156794277,180531.98641695705,295998.89961311186,0.012946724693758793,-0.00013162176108916235
2026-03-12,163043.4038857865,147454.67095659676,223630.88494624468,174251.97215837124,289975.10358589044,-0.04070432200904872,-0.017163363705524626
2026-03-13,165551.7629214166,146580.6870174303,223169.93423254034,174848.30914573578,290275.09607068426,0.015384609103151647,-0.005927136342962935
2026-03-16,169272.5259032237,148224.94219533287,226966.9443038255,178283.84190245153,295716.69452470733,0.022474922140051423,0.011217406681325315
2026-03-17,175680.45136468636,148948.32093000473,228672.41798585196,179671.5884141904,297737.18898710835,0.03785567343117591,0.004880276719680499
2026-03-18,171065.8440960013,146872.0300848307,226822.90050269384,178636.60008792405,294564.1030082747,-0.026267050390859026,-0.01393967271473795
2026-03-19,176721.2867650318,146407.87275052172,227543.119508352,179645.19198167307,299741.1768422469,0.033060034274619565,-0.0031602840516394837
2026-03-20,169479.05875578112,143702.00326648258,221677.6425628332,175584.42797415957,284697.97880620987,-0.040981073315066674,-0.018481721188927547
2026-03-23,170163.04066315907,145351.55421945808,225491.91960344347,177738.8957718011,290772.1220493203,0.0040357900993749,0.011478969781072212
2026-03-24,171900.02707833066,144357.81937785985,227352.97184411407,180078.1869421783,293376.97244287597,0.010207777249408604,-0.006836767910289088
2026-03-25,172611.42980129606,145307.06065623884,229905.42378013345,182311.8762674481,299958.9333636698,0.0041384677772110775,0.006575613863315066
2026-03-26,166084.2168799184,141838.88622759035,219430.56278187406,173651.73533177027,285030.8530855204,-0.03781448846632905,-0.023867900245077234
2026-03-27,165806.59805841252,139067.82288574503,215633.57029406074,170816.06875577755,279357.9448663851,-0.0016715545084368746,-0.019536696991535485
2026-03-30,162315.6543069955,138004.8808639207,208880.7961936707,163586.95932435474,267558.2473652777,-0.021054311422439263,-0.00764333545868201
2026-03-31,168006.12048503477,142676.88605408205,220905.5698987843,173551.40310414342,282023.57691098395,0.03505802445447813,0.03385391270884219
2026-04-01,174116.1206397291,144439.39845426762,225843.39562161008,178768.61448058684,291256.35901502596,0.036367723610632285,0.012353174006878076
2026-04-02,174553.98279895427,144605.01589864126,226045.06045988871,179333.623833755,295226.19651857694,0.002514770933423027,0.0011466223630531847
2026-04-06,176396.9462011164,145475.15247984882,228153.86381847248,181704.6132842064,296311.6714444241,0.01055812862365232,0.006017333325542884
2026-04-07,178084.7361791413,145497.40680529756,230412.46077347238,183637.30592659567,301330.0284526136,0.009568136038480998,0.00015297681473014357
2026-04-08,184009.04585407133,149823.3459189719,243676.0252350955,195592.52094632693,313958.4323547186,0.03326680209678701,0.029732070204270045
2026-04-09,185264.2987543551,150836.8456191043,247933.95085314134,199938.44055420294,312437.7335449871,0.006821691262283231,0.006764631332426108
2026-04-10,186677.11647139463,151054.3797644062,251719.426166914,204147.06003689737,316194.89474097104,0.0076259577616344075,0.001442181745508142
2026-04-13,188098.4520696916,152616.663586266,255441.5130647834,207706.1629062766,326178.0079792874,0.007613871615135762,0.010342525812865766
2026-04-14,192650.7617161089,155387.72692811128,260431.19244599988,211877.81449141624,333565.6571793747,0.024201739016600915,0.018157016912369928
2026-04-15,191142.98329942377,157563.06838113017,261007.36765052646,212205.2076068141,335913.56660460867,-0.007826485622242193,0.013999441886586528
2026-04-16,193044.8188357625,158321.94842277217,262044.47598528553,214364.97725201253,343535.20955910685,0.009949805656007341,0.004816357344643363
2026-04-17,198498.85103527637,160393.4564739345,267437.4850430594,219518.80818334568,348741.9652610368,0.028252673303571077,0.013084149556009228
2026-04-20,200513.19072391832,159884.23224463194,267322.2429687653,220490.43217953996,352052.3541323437,0.01014786573391295,-0.0031748441644519065
2026-04-21,204861.98814087358,159276.13845962382,267725.57264532265,222153.82641912292,357420.2556686111,0.02168833582097337,-0.003803338055735961
2026-04-22,208011.12364671406,161940.90910805453,274737.6150376665,227999.41147880655,366663.068407861,0.015371985473825258,0.016730507621555812
2026-04-23,211727.63255431718,161028.75334286407,277630.0258178118,232873.38865733406,362815.3859472297,0.017866875782639603,-0.005632645699066852
2026-04-24,217649.11532565404,164108.8274233644,291798.17198710295,243751.37783576365,374701.2678557752,0.027967453751308113,0.019127478891562966
2026-04-27,216192.88504987332,164195.34017056657,291694.4646703214,240482.70018422752,375748.3357688242,-0.006690724534312321,0.0005271669328243966
2026-04-28,209634.1062213321,162544.0692222683,283023.01729211374,231664.13230833135,364615.33534726186,-0.03033762571339112,-0.010056746717555742
2026-04-29,218328.33027847705,163537.80406386656,287845.60094064544,237620.62106067932,371503.27754062845,0.041473328046942724,0.006113633344809299
2026-04-30,226544.90919232697,165063.00237253783,291959.50034103147,243666.88669065485,378497.7014750557,0.037634048239959146,0.009326273624633119
2026-05-01,229601.6897274681,166647.54051984637,293745.64699175814,245942.81353095995,384977.68504806474,0.01349304447422405,0.009599596060492877
2026-05-04,230360.2664798358,166333.59611039693,291999.83682538156,243994.27980605268,388299.31901637494,0.003303881401169517,-0.0018838826451929025
2026-05-05,239048.86995523036,168491.61690876144,301161.01906065934,254909.23688203705,397943.3164317415,0.03771745712993933,0.012974052439365336
2026-05-06,243096.8566811251,171991.92809212575,316758.08606722625,267656.5382577456,413250.8981289667,0.016933720400572602,0.02077439369140688
2026-05-07,234571.02461969748,171786.7507553273,311192.21389801137,259994.4177507794,407300.35380036844,-0.03507174949864169,-0.0011929474776779525
2026-05-08,243732.52128967017,175813.57664729195,326426.28771237104,274748.3475639868,426600.13147829915,0.039056386801506755,0.023440840892904546
2026-05-11,250987.61520285383,176322.8008765945,332055.5307140174,281327.9564971326,433195.4623699115,0.029766622339910065,0.0028963874065546236
2026-05-12,243325.19379271643,174827.26494340273,323378.33354052535,272472.4207236817,424230.5543937723,-0.030529081699686475,-0.00848180680976407
2026-05-13,248267.59579252507,176673.8307992324,329837.27024336765,278967.52239668043,429423.3602898901,0.020311920532236204,0.010562230418850849
2026-05-14,252688.0092840429,177929.57826167354,333225.18325933925,279886.36964287824,439342.7521153246,0.017805036043495343,0.007107716274449949
2026-05-15,245847.75143169594,175245.02766703043,320549.3287597551,268527.830026313,427906.81770251464,-0.02706997404320014,-0.015087714031981059
2026-05-18,237060.70174010127,174491.08129618282,314683.8342307645,261847.90498057855,418520.0168746599,-0.03574183469412775,-0.004302241158477327
2026-05-19,235805.85898536645,173415.78246585507,313416.27691436093,262307.3124886393,416316.5509643947,-0.005293339408530837,-0.006162485912403315
2026-05-20,244232.04049173676,176288.20483032058,325343.07551450556,274753.63329650555,427991.47620917537,0.035733554469879684,0.016563788621898112
2026-05-21,249706.1711506643,176624.3884775405,327198.3779598917,277077.0994994029,436226.70983231685,0.022413646661207386,0.0019070115754113992
2026-05-22,255563.54136918683,177373.3860899154,332061.29809277353,283741.1834626194,449897.6225828083,0.023457050306491607,0.004240623952507905
2026-05-26,264896.75028959056,180522.6824383201,346938.1460936822,301040.3546339764,465445.94270526565,0.036520111086271914,0.017755179724697978
2026-05-27,262802.6023667998,180317.50510152162,343112.3342955595,297813.8983824374,463339.5545107088,-0.007905525154617343,-0.0011365737204164228
2026-05-28,265752.88889910246,181837.7546517202,345607.1827779037,300712.9292885022,477794.706637757,0.01122624550035795,0.008430959320020914
2026-05-29,268005.87811047456,182507.66265460197,345088.61102705233,300507.0113308061,502642.07439649134,0.008477759999920478,0.003684097420609156
