date,regime,AMQS_nav,QQQ_nav,SOXX_nav,AISEMI_nav,AMQS_ret_pct,QQQ_ret_pct,SOXX_ret_pct,AISEMI_ret_pct
2024-01-02,Q1'24: AI rally launch,100646.42,99414.31,102540.8,101236.23,0.6464,-0.5857,2.5408,1.2362
2024-01-03,Q1'24: AI rally launch,100972.87,99554.87,100907.22,101910.05,0.3244,0.1414,-1.5931,0.6656
2024-01-04,Q1'24: AI rally launch,99463.35,99440.98,99417.78,102620.59,-1.495,-0.1144,-1.476,0.6972
2024-01-05,Q1'24: AI rally launch,101111.23,98634.16,100387.99,103848.16,1.6568,-0.8114,0.9759,1.1962
2024-01-08,Q1'24: AI rally launch,101721.63,98536.98,101919.67,104599.99,0.6037,-0.0985,1.5258,0.724
2024-01-09,Q1'24: AI rally launch,100064.7,97456.8,99251.5,102896.06,-1.6289,-1.0962,-2.6179,-1.629
2024-01-10,Q1'24: AI rally launch,96591.88,94575.68,96310.91,98794.59,-3.4706,-2.9563,-2.9628,-3.986
2024-01-11,Q1'24: AI rally launch,95663.97,94194.77,94570.43,98443.53,-0.9607,-0.4028,-1.8071,-0.3553
2024-01-12,Q1'24: AI rally launch,96923.63,94137.87,95502.19,100290.86,1.3168,-0.0604,0.9853,1.8765
2024-01-16,Q1'24: AI rally launch,95764.53,92994.79,94198.32,98965.98,-1.1959,-1.2143,-1.3653,-1.321
2024-01-17,Q1'24: AI rally launch,93314.23,92154.44,92588.35,95420.53,-2.5587,-0.9036,-1.7091,-3.5825
2024-01-18,Q1'24: AI rally launch,92513.7,91666.37,91708.88,94618.15,-0.8579,-0.5296,-0.9499,-0.8409
2024-01-19,Q1'24: AI rally launch,94949.93,92928.05,93805.66,99232.98,2.6334,1.3764,2.2863,4.8773
2024-01-22,Q1'24: AI rally launch,96558.21,94109.4,96849.96,102739.03,1.6938,1.2713,3.2453,3.5331
2024-01-23,Q1'24: AI rally launch,96805.05,94920.92,96893.0,101928.61,0.2556,0.8623,0.0444,-0.7888
2024-01-24,Q1'24: AI rally launch,95863.9,94521.13,95410.75,101782.32,-0.9722,-0.4212,-1.5298,-0.1435
2024-01-25,Q1'24: AI rally launch,97624.3,95782.01,98548.72,103216.92,1.8364,1.334,3.2889,1.4095
2024-01-26,Q1'24: AI rally launch,98283.44,97601.18,97559.14,102180.94,0.6752,1.8993,-1.0042,-1.0037
2024-01-29,Q1'24: AI rally launch,100243.25,97650.63,99060.48,104510.57,1.994,0.0507,1.5389,2.2799
2024-01-30,Q1'24: AI rally launch,101343.66,98511.23,100615.27,107601.26,1.0977,0.8813,1.5695,2.9573
2024-01-31,Q1'24: AI rally launch,102244.89,98223.48,101261.16,107644.81,0.8893,-0.2921,0.6419,0.0405
2024-02-01,Q1'24: AI rally launch,103504.8,98229.83,102065.28,108004.56,1.2322,0.0065,0.7941,0.3342
2024-02-02,Q1'24: AI rally launch,104100.05,99161.53,102597.03,109056.28,0.5751,0.9485,0.521,0.9738
2024-02-05,Q1'24: AI rally launch,103229.17,99719.75,101188.3,109004.69,-0.8366,0.5629,-1.3731,-0.0473
2024-02-06,Q1'24: AI rally launch,106306.51,100422.71,103813.8,113113.52,2.9811,0.7049,2.5947,3.7694
2024-02-07,Q1'24: AI rally launch,104441.45,99540.43,103053.4,110149.76,-1.7544,-0.8786,-0.7325,-2.6202
2024-02-08,Q1'24: AI rally launch,103628.54,99365.16,103131.7,107472.63,-0.7783,-0.1761,0.076,-2.4304
2024-02-09,Q1'24: AI rally launch,106156.39,100076.12,104574.96,108915.3,2.4393,0.7155,1.3994,1.3424
2024-02-12,Q1'24: AI rally launch,105050.87,98433.45,102188.83,108460.07,-1.0414,-1.6414,-2.2817,-0.418
2024-02-13,Q1'24: AI rally launch,104188.34,97685.5,102643.27,106508.47,-0.8211,-0.7599,0.4447,-1.7994
2024-02-14,Q1'24: AI rally launch,104058.05,98083.46,103699.87,107433.53,-0.1251,0.4074,1.0294,0.8685
2024-02-15,Q1'24: AI rally launch,104139.25,99127.54,104788.4,106217.17,0.078,1.0645,1.0497,-1.1322
2024-02-16,Q1'24: AI rally launch,105910.27,100444.74,106036.45,110689.0,1.7006,1.3288,1.191,4.2101
2024-02-20,Q1'24: AI rally launch,105998.92,100745.58,106834.74,109945.53,0.0837,0.2995,0.7528,-0.6717
2024-02-21,Q1'24: AI rally launch,105917.61,100930.29,107324.02,112399.98,-0.0767,0.1833,0.458,2.2324
2024-02-22,Q1'24: AI rally launch,105044.9,101099.36,105771.54,113935.07,-0.8239,0.1675,-1.4465,1.3657
2024-02-23,Q1'24: AI rally launch,105678.46,101062.05,106269.1,113767.71,0.6031,-0.0369,0.4704,-0.1469
2024-02-26,Q1'24: AI rally launch,106782.71,100754.64,108878.57,112307.62,1.0449,-0.3042,2.4555,-1.2834
2024-02-27,Q1'24: AI rally launch,107290.56,101002.79,108534.13,113487.92,0.4756,0.2463,-0.3164,1.051
2024-02-28,Q1'24: AI rally launch,107308.34,100694.33,108549.1,114597.68,0.0166,-0.3054,0.0138,0.9779
2024-02-29,Q1'24: AI rally launch,108537.15,101973.58,110338.08,117004.35,1.1451,1.2704,1.6481,2.1001
2024-03-01,Q1'24: AI rally launch,105244.89,100714.52,109081.48,112663.53,-3.0333,-1.2347,-1.1389,-3.71
2024-03-04,Q1'24: AI rally launch,104376.1,100712.55,107187.47,110245.03,-0.8255,-0.002,-1.7363,-2.1467
2024-03-05,Q1'24: AI rally launch,104049.41,100841.73,107845.36,109517.18,-0.313,0.1283,0.6138,-0.6602
2024-03-06,Q1'24: AI rally launch,105062.0,101646.54,109690.97,109885.2,0.9732,0.7981,1.7114,0.336
2024-03-07,Q1'24: AI rally launch,95893.16,97433.56,101690.03,97767.44,-8.7271,-4.1447,-7.2941,-11.0277
2024-03-08,Q1'24: AI rally launch,95564.66,97734.59,101034.13,95878.58,-0.3426,0.309,-0.645,-1.932
2024-03-11,Q1'24: AI rally launch,95756.25,97920.46,101472.1,95718.62,0.2005,0.1902,0.4335,-0.1668
2024-03-12,Q1'24: AI rally launch,94237.02,96782.88,100701.98,93503.25,-1.5866,-1.1617,-0.7589,-2.3145
2024-03-13,Q1'24: AI rally launch,92983.47,96004.63,98993.59,94591.65,-1.3302,-0.8041,-1.6965,1.164
2024-03-14,Q1'24: AI rally launch,93511.05,96826.98,101016.07,96402.1,0.5674,0.8566,2.043,1.914
2024-03-15,Q1'24: AI rally launch,95631.55,97961.98,104647.41,100973.19,2.2676,1.1722,3.5948,4.7417
2024-03-18,Q1'24: AI rally launch,96632.08,97755.22,103472.52,101307.28,1.0462,-0.2111,-1.1227,0.3309
2024-03-19,Q1'24: AI rally launch,99698.22,99632.06,106470.31,104120.66,3.173,1.9199,2.8972,2.7771
2024-03-20,Q1'24: AI rally launch,98365.54,99223.38,105288.46,100949.31,-1.3367,-0.4102,-1.11,-3.0458
2024-03-21,Q1'24: AI rally launch,98892.92,100651.64,103516.02,97724.28,0.5361,1.4394,-1.6834,-3.1947
2024-03-22,Q1'24: AI rally launch,98779.84,100904.07,103151.74,97293.49,-0.1143,0.2508,-0.3519,-0.4408
2024-03-25,Q1'24: AI rally launch,99714.15,101922.0,104647.06,97892.45,0.9459,1.0088,1.4496,0.6156
2024-03-26,Q1'24: AI rally launch,98335.34,100858.61,103433.88,95258.2,-1.3828,-1.0433,-1.1593,-2.691
2024-03-27,Q1'24: AI rally launch,100045.62,101216.06,104993.15,97092.14,1.7392,0.3544,1.5075,1.9252
2024-03-28,Q1'24: AI rally launch,99771.12,102261.31,104672.7,97476.86,-0.2744,1.0327,-0.3052,0.3962
2024-04-01,Q2'24: NVDA-led continuation,99819.38,101939.64,105080.77,96681.37,0.0484,-0.3146,0.3899,-0.8161
2024-04-02,Q2'24: NVDA-led continuation,99914.25,102310.31,105987.22,96594.77,0.095,0.3636,0.8626,-0.0896
2024-04-03,Q2'24: NVDA-led continuation,100580.08,102177.47,106388.8,94788.34,0.6664,-0.1298,0.3789,-1.8701
2024-04-04,Q2'24: NVDA-led continuation,100411.99,101354.46,106534.86,93818.6,-0.1671,-0.8055,0.1373,-1.0231
2024-04-05,Q2'24: NVDA-led continuation,101029.39,101523.63,109564.08,94295.59,0.6149,0.1669,2.8434,0.5084
2024-04-08,Q2'24: NVDA-led continuation,100798.5,101526.37,110026.72,94561.23,-0.2285,0.0027,0.4222,0.2817
2024-04-09,Q2'24: NVDA-led continuation,99814.72,100879.8,110974.3,93939.96,-0.976,-0.6368,0.8612,-0.657
2024-04-10,Q2'24: NVDA-led continuation,98675.7,101035.72,109242.22,90686.28,-1.1411,0.1546,-1.5608,-3.4636
2024-04-11,Q2'24: NVDA-led continuation,100472.66,102760.28,110804.2,92359.62,1.8211,1.7069,1.4298,1.8452
2024-04-12,Q2'24: NVDA-led continuation,102800.32,104743.6,112586.29,93490.37,2.3167,1.93,1.6083,1.2243
2024-04-15,Q2'24: NVDA-led continuation,105687.32,105363.06,116659.48,97593.81,2.8084,0.5914,3.6178,4.3892
2024-04-16,Q2'24: NVDA-led continuation,107139.08,107051.02,118365.44,100264.13,1.3736,1.602,1.4623,2.7362
2024-04-17,Q2'24: NVDA-led continuation,108084.41,107182.36,119805.04,101460.21,0.8823,0.1227,1.2162,1.1929
2024-04-18,Q2'24: NVDA-led continuation,109003.6,107180.62,120538.53,100929.73,0.8504,-0.0016,0.6122,-0.5229
2024-04-19,Q2'24: NVDA-led continuation,109554.97,107360.02,120552.68,99118.25,0.5058,0.1674,0.0117,-1.7948
2024-04-22,Q2'24: NVDA-led continuation,110236.0,107462.62,120183.49,101059.54,0.6216,0.0956,-0.3063,1.9586
2024-04-23,Q2'24: NVDA-led continuation,109870.56,107578.47,121237.61,102550.33,-0.3315,0.1078,0.8771,1.4752
2024-04-24,Q2'24: NVDA-led continuation,109333.91,107427.02,120326.61,103548.78,-0.4884,-0.1408,-0.7514,0.9736
2024-04-25,Q2'24: NVDA-led continuation,107132.5,105985.19,120002.99,100698.41,-2.0135,-1.3421,-0.2689,-2.7527
2024-04-26,Q2'24: NVDA-led continuation,107648.39,106470.68,120084.45,100295.32,0.4816,0.4581,0.0679,-0.4003
2024-04-29,Q2'24: NVDA-led continuation,108733.96,106969.5,120495.73,100679.44,1.0084,0.4685,0.3425,0.383
2024-04-30,Q2'24: NVDA-led continuation,109563.95,107971.72,121799.37,102226.68,0.7633,0.9369,1.0819,1.5368
2024-05-01,Q2'24: NVDA-led continuation,110938.26,108880.3,122995.54,103558.3,1.2543,0.8415,0.9821,1.3026
2024-05-02,Q2'24: NVDA-led continuation,109545.84,107121.76,121239.35,101914.64,-1.2551,-1.6151,-1.4279,-1.5872
2024-05-03,Q2'24: NVDA-led continuation,109179.1,106436.77,120731.18,100497.84,-0.3348,-0.6394,-0.4191,-1.3902
2024-05-06,Q2'24: NVDA-led continuation,104346.44,104613.67,115535.56,94373.44,-4.4264,-1.7128,-4.3035,-6.0941
2024-05-07,Q2'24: NVDA-led continuation,105384.1,105854.64,118138.18,95806.96,0.9944,1.1862,2.2527,1.519
2024-05-08,Q2'24: NVDA-led continuation,107715.39,106378.67,120956.01,98537.17,2.2122,0.495,2.3852,2.8497
2024-05-09,Q2'24: NVDA-led continuation,107672.42,105851.99,120520.89,99125.8,-0.0399,-0.4951,-0.3597,0.5974
2024-05-10,Q2'24: NVDA-led continuation,107530.21,106490.77,119757.49,98303.11,-0.1321,0.6035,-0.6334,-0.8299
2024-05-13,Q2'24: NVDA-led continuation,107013.93,107015.65,118484.95,96926.85,-0.4801,0.4929,-1.0626,-1.4
2024-05-14,Q2'24: NVDA-led continuation,107156.31,107092.23,115711.77,95951.19,0.133,0.0716,-2.3405,-1.0066
2024-05-15,Q2'24: NVDA-led continuation,107739.74,107395.83,116207.18,96281.57,0.5445,0.2835,0.4281,0.3443
2024-05-16,Q2'24: NVDA-led continuation,107558.32,106550.36,115288.08,95161.7,-0.1684,-0.7872,-0.7909,-1.1631
2024-05-17,Q2'24: NVDA-led continuation,109239.86,107739.28,117149.79,97485.42,1.5634,1.1158,1.6148,2.4419
2024-05-20,Q2'24: NVDA-led continuation,110766.62,108137.91,118606.95,98399.31,1.3976,0.37,1.2438,0.9375
2024-05-21,Q2'24: NVDA-led continuation,111068.26,109324.46,117363.3,98549.59,0.2723,1.0973,-1.0486,0.1527
2024-05-22,Q2'24: NVDA-led continuation,109333.97,108103.88,115828.15,97694.86,-1.5615,-1.1165,-1.308,-0.8673
2024-05-23,Q2'24: NVDA-led continuation,109906.19,108297.16,115420.12,98716.13,0.5234,0.1788,-0.3523,1.0454
2024-05-24,Q2'24: NVDA-led continuation,112626.18,108867.07,117460.72,103040.66,2.4748,0.5262,1.768,4.3808
2024-05-28,Q2'24: NVDA-led continuation,115021.7,110277.45,120561.59,106362.44,2.127,1.2955,2.6399,3.2238
2024-05-29,Q2'24: NVDA-led continuation,113117.06,109710.56,118537.96,105714.38,-1.6559,-0.5141,-1.6785,-0.6093
2024-05-30,Q2'24: NVDA-led continuation,112431.35,109195.94,116275.48,104839.48,-0.6062,-0.4691,-1.9087,-0.8276
2024-05-31,Q2'24: NVDA-led continuation,113896.21,110579.25,118861.31,106876.64,1.3029,1.2668,2.2239,1.9431
2024-06-03,Q2'24: NVDA-led continuation,112352.53,109241.0,117328.02,106285.64,-1.3553,-1.2102,-1.29,-0.553
2024-06-04,Q2'24: NVDA-led continuation,109808.97,108287.94,116563.08,104070.38,-2.2639,-0.8724,-0.652,-2.0842
2024-06-05,Q2'24: NVDA-led continuation,110744.67,108951.98,118233.63,104126.07,0.8521,0.6132,1.4332,0.0535
2024-06-06,Q2'24: NVDA-led continuation,108505.08,107570.47,115178.88,100976.94,-2.0223,-1.268,-2.5837,-3.0243
2024-06-07,Q2'24: NVDA-led continuation,110340.16,109318.11,116807.51,104873.45,1.6912,1.6246,1.414,3.8588
2024-06-10,Q2'24: NVDA-led continuation,108863.6,109334.72,116898.11,101296.82,-1.3382,0.0152,0.0776,-3.4104
2024-06-11,Q2'24: NVDA-led continuation,110645.77,111469.16,118710.3,103133.57,1.6371,1.9522,1.5502,1.8132
2024-06-12,Q2'24: NVDA-led continuation,112261.85,112358.4,119630.05,104483.09,1.4606,0.7977,0.7748,1.3085
2024-06-13,Q2'24: NVDA-led continuation,111457.05,112218.23,116967.27,104586.36,-0.7169,-0.1248,-2.2259,0.0988
2024-06-14,Q2'24: NVDA-led continuation,113266.32,113435.07,118055.93,107583.23,1.6233,1.0843,0.9307,2.8655
2024-06-17,Q2'24: NVDA-led continuation,113530.97,115438.98,118405.81,108715.31,0.2337,1.7666,0.2964,1.0523
2024-06-18,Q2'24: NVDA-led continuation,112476.41,115509.94,117576.38,107760.64,-0.9289,0.0615,-0.7005,-0.8781
2024-06-20,Q2'24: NVDA-led continuation,112992.89,116292.56,119132.87,109227.38,0.4592,0.6775,1.3238,1.3611
2024-06-21,Q2'24: NVDA-led continuation,115004.08,117945.34,121189.13,111535.77,1.7799,1.4212,1.726,2.1134
2024-06-24,Q2'24: NVDA-led continuation,114127.57,117446.25,122944.16,109951.6,-0.7622,-0.4232,1.4482,-1.4203
2024-06-25,Q2'24: NVDA-led continuation,111321.35,115051.12,118618.79,106898.6,-2.4588,-2.0393,-3.5182,-2.7767
2024-06-26,Q2'24: NVDA-led continuation,109518.17,114137.69,117397.88,107986.02,-1.6198,-0.7939,-1.0293,1.0172
2024-06-27,Q2'24: NVDA-led continuation,111294.55,113331.66,119671.65,106941.05,1.622,-0.7062,1.9368,-0.9677
2024-06-28,Q2'24: NVDA-led continuation,113662.55,113996.61,122580.48,108878.22,2.1277,0.5867,2.4307,1.8114
2024-07-01,Q2'24: NVDA-led continuation,113947.89,115314.61,122820.64,108451.36,0.251,1.1562,0.1959,-0.3921
2024-07-02,Q2'24: NVDA-led continuation,114980.88,115716.87,125100.61,110416.51,0.9065,0.3488,1.8563,1.812
2024-07-03,Q2'24: NVDA-led continuation,116799.34,115660.74,125891.15,112323.84,1.5815,-0.0485,0.6319,1.7274
2024-07-05,Q2'24: NVDA-led continuation,116222.65,114512.03,124544.89,111704.52,-0.4937,-0.9932,-1.0694,-0.5514
2024-07-08,Q2'24: NVDA-led continuation,119256.3,116050.42,127693.15,117294.23,2.6102,1.3434,2.5278,5.004
2024-07-09,Q2'24: NVDA-led continuation,117596.09,115926.51,126235.5,115792.21,-1.3921,-0.1068,-1.1415,-1.2806
2024-07-10,Q2'24: NVDA-led continuation,117779.11,117128.06,127343.01,116571.85,0.1556,1.0365,0.8773,0.6733
2024-07-11,Q2'24: NVDA-led continuation,115656.69,116157.19,125364.79,113102.66,-1.802,-0.8289,-1.5535,-2.976
2024-07-12,Q2'24: NVDA-led continuation,114777.84,116094.18,125384.68,112183.6,-0.7599,-0.0542,0.0159,-0.8126
2024-07-15,Aug'24: yen carry unwind shock,114922.86,116386.09,125214.14,114048.08,0.1263,0.2514,-0.136,1.662
2024-07-16,Aug'24: yen carry unwind shock,116347.45,115783.43,125361.17,116569.38,1.2396,-0.5178,0.1174,2.2107
2024-07-17,Aug'24: yen carry unwind shock,117133.45,114363.16,125903.81,111680.43,0.6756,-1.2267,0.4329,-4.194
2024-07-18,Aug'24: yen carry unwind shock,117668.9,115565.49,127829.84,110762.64,0.4571,1.0513,1.5298,-0.8218
2024-07-19,Aug'24: yen carry unwind shock,107831.85,111205.28,113287.45,101862.68,-8.3599,-3.7729,-11.3764,-8.0352
2024-07-22,Aug'24: yen carry unwind shock,114002.38,114670.05,117263.07,107851.88,5.7224,3.1157,3.5093,5.8797
2024-07-23,Aug'24: yen carry unwind shock,111223.7,115425.27,116928.59,106419.0,-2.4374,0.6586,-0.2852,-1.3286
2024-07-24,Aug'24: yen carry unwind shock,110675.33,114706.64,113237.55,105979.44,-0.493,-0.6226,-3.1567,-0.413
2024-07-25,Aug'24: yen carry unwind shock,106730.26,108792.25,110735.46,98455.34,-3.5645,-5.1561,-2.2096,-7.0996
2024-07-26,Aug'24: yen carry unwind shock,108531.26,110294.37,108137.03,101012.86,1.6874,1.3807,-2.3465,2.5976
2024-07-29,Aug'24: yen carry unwind shock,110289.62,106671.31,109817.82,100070.55,1.6201,-3.2849,1.5543,-0.9329
2024-07-30,Aug'24: yen carry unwind shock,110080.33,106284.06,109202.11,98661.61,-0.1898,-0.363,-0.5607,-1.4079
2024-07-31,Aug'24: yen carry unwind shock,110189.51,104553.17,106157.6,101932.9,0.0992,-1.6286,-2.788,3.3157
2024-08-01,Aug'24: yen carry unwind shock,109975.25,101257.9,104137.31,98631.46,-0.1944,-3.1518,-1.9031,-3.2388
2024-08-02,Aug'24: yen carry unwind shock,114663.9,101919.52,106102.77,104382.67,4.2634,0.6534,1.8874,5.831
2024-08-05,Aug'24: yen carry unwind shock,114667.41,98752.22,106125.92,104732.46,0.0031,-3.1076,0.0218,0.3351
2024-08-06,Aug'24: yen carry unwind shock,117856.93,101216.83,104608.53,105609.84,2.7815,2.4957,-1.4298,0.8377
2024-08-07,Aug'24: yen carry unwind shock,114547.01,100268.96,100812.28,102344.93,-2.8084,-0.9365,-3.629,-3.0915
2024-08-08,Aug'24: yen carry unwind shock,110991.43,97745.04,94539.53,98608.61,-3.104,-2.5171,-6.2222,-3.6507
2024-08-09,Aug'24: yen carry unwind shock,110824.7,98208.63,92205.3,97925.01,-0.1502,0.4743,-2.469,-0.6932
2024-08-12,Aug-Dec'24: recovery + year-end rally,109888.07,98044.97,91883.28,97213.29,-0.8451,-0.1666,-0.3492,-0.7268
2024-08-13,Aug-Dec'24: recovery + year-end rally,109816.61,98587.42,90952.52,98657.1,-0.065,0.5533,-1.013,1.4852
2024-08-14,Aug-Dec'24: recovery + year-end rally,109562.01,99258.61,93954.49,98020.35,-0.2318,0.6808,3.3006,-0.6454
2024-08-15,Aug-Dec'24: recovery + year-end rally,108453.9,99313.72,93237.82,96183.42,-1.0114,0.0555,-0.7628,-1.874
2024-08-16,Aug-Dec'24: recovery + year-end rally,108043.01,98382.88,92169.25,96880.42,-0.3789,-0.9373,-1.1461,0.7246
2024-08-19,Aug-Dec'24: recovery + year-end rally,108279.17,98223.27,92327.04,99072.01,0.2186,-0.1622,0.1712,2.2622
2024-08-20,Aug-Dec'24: recovery + year-end rally,110527.62,98675.74,94866.83,101492.11,2.0765,0.4607,2.7509,2.4428
2024-08-21,Aug-Dec'24: recovery + year-end rally,112323.05,98920.28,96877.95,104403.62,1.6244,0.2478,2.1199,2.8687
2024-08-22,Aug-Dec'24: recovery + year-end rally,113730.96,99789.9,100453.56,106859.36,1.2534,0.8791,3.6908,2.3522
2024-08-23,Aug-Dec'24: recovery + year-end rally,112571.43,99573.64,99095.38,104830.22,-1.0195,-0.2167,-1.3521,-1.8989
2024-08-26,Aug-Dec'24: recovery + year-end rally,116308.59,102735.94,103423.19,110412.54,3.3198,3.1758,4.3673,5.3251
2024-08-27,Aug-Dec'24: recovery + year-end rally,117269.92,103916.81,105259.57,112369.25,0.8265,1.1494,1.7756,1.7722
2024-08-28,Aug-Dec'24: recovery + year-end rally,117856.53,103795.69,105728.08,113372.35,0.5002,-0.1166,0.4451,0.8927
2024-08-29,Aug-Dec'24: recovery + year-end rally,116544.83,103843.68,104910.8,113497.66,-1.113,0.0462,-0.773,0.1105
2024-08-30,Aug-Dec'24: recovery + year-end rally,116335.18,103828.36,102004.87,115556.52,-0.1799,-0.0148,-2.7699,1.814
2024-09-03,Aug-Dec'24: recovery + year-end rally,116322.35,103058.75,102409.3,115510.13,-0.011,-0.7412,0.3965,-0.0401
2024-09-04,Aug-Dec'24: recovery + year-end rally,115792.33,104560.54,101844.03,116212.26,-0.4556,1.4572,-0.552,0.6078
2024-09-05,Aug-Dec'24: recovery + year-end rally,115552.83,104612.75,100641.45,116823.08,-0.2068,0.0499,-1.1808,0.5256
2024-09-06,Aug-Dec'24: recovery + year-end rally,115014.84,104816.89,99841.32,114312.16,-0.4656,0.1951,-0.795,-2.1493
2024-09-09,Aug-Dec'24: recovery + year-end rally,117458.4,105644.74,102310.65,118594.9,2.1246,0.7898,2.4733,3.7465
2024-09-10,Aug-Dec'24: recovery + year-end rally,118783.21,107416.01,103452.81,120372.61,1.1279,1.6766,1.1164,1.499
2024-09-11,Aug-Dec'24: recovery + year-end rally,117641.97,107074.3,100553.81,119593.71,-0.9608,-0.3181,-2.8022,-0.6471
2024-09-12,Aug-Dec'24: recovery + year-end rally,116692.94,106972.03,100477.61,117363.46,-0.8067,-0.0955,-0.0758,-1.8649
2024-09-13,Aug-Dec'24: recovery + year-end rally,111413.25,103479.64,95507.01,108086.32,-4.5244,-3.2648,-4.947,-7.9046
2024-09-16,Aug-Dec'24: recovery + year-end rally,111180.15,104017.17,95357.17,104664.44,-0.2092,0.5195,-0.1569,-3.1659
2024-09-17,Aug-Dec'24: recovery + year-end rally,108783.4,102968.2,93094.67,101845.37,-2.1557,-1.0085,-2.3727,-2.6934
2024-09-18,Aug-Dec'24: recovery + year-end rally,109880.2,104428.67,93386.87,103158.65,1.0082,1.4184,0.3139,1.2895
2024-09-19,Aug-Dec'24: recovery + year-end rally,109840.4,103708.61,93371.01,102032.31,-0.0362,-0.6895,-0.017,-1.0919
2024-09-20,Aug-Dec'24: recovery + year-end rally,111984.89,103927.57,94552.02,105456.15,1.9524,0.2111,1.2649,3.3556
2024-09-23,Aug-Dec'24: recovery + year-end rally,113675.72,104326.46,95957.16,107023.18,1.5099,0.3838,1.4861,1.486
2024-09-24,Aug-Dec'24: recovery + year-end rally,115979.25,105818.08,98290.8,109410.73,2.0264,1.4298,2.432,2.2309
2024-09-25,Aug-Dec'24: recovery + year-end rally,117894.27,106286.28,99826.14,112788.81,1.6512,0.4425,1.562,3.0875
2024-09-26,Aug-Dec'24: recovery + year-end rally,117504.73,105666.56,98390.64,112355.11,-0.3304,-0.5831,-1.438,-0.3845
2024-09-27,Aug-Dec'24: recovery + year-end rally,119441.41,106117.68,100170.42,115628.8,1.6482,0.4269,1.8089,2.9137
2024-09-30,Aug-Dec'24: recovery + year-end rally,117948.08,105137.12,98463.5,113353.68,-1.2503,-0.924,-1.704,-1.9676
2024-10-01,Aug-Dec'24: recovery + year-end rally,120840.19,106904.57,99704.71,118404.08,2.452,1.6811,1.2606,4.4554
2024-10-02,Aug-Dec'24: recovery + year-end rally,121541.89,107317.35,99757.41,118829.78,0.5807,0.3861,0.0529,0.3595
2024-10-03,Aug-Dec'24: recovery + year-end rally,122763.34,109399.48,100186.2,119860.38,1.005,1.9402,0.4298,0.8673
2024-10-04,Aug-Dec'24: recovery + year-end rally,123562.62,109145.98,101736.78,122243.06,0.6511,-0.2317,1.5477,1.9879
2024-10-07,Aug-Dec'24: recovery + year-end rally,125342.34,109502.24,104193.92,125744.61,1.4403,0.3264,2.4152,2.8644
2024-10-08,Aug-Dec'24: recovery + year-end rally,124731.99,108506.26,104573.53,123578.52,-0.4869,-0.9096,0.3643,-1.7226
2024-10-09,Aug-Dec'24: recovery + year-end rally,125464.37,108222.93,104960.53,124687.86,0.5872,-0.2611,0.3701,0.8977
2024-10-10,Aug-Dec'24: recovery + year-end rally,127408.71,109290.85,105876.27,128038.51,1.5497,0.9868,0.8725,2.6872
2024-10-11,Aug-Dec'24: recovery + year-end rally,126214.78,109557.17,104562.23,126615.14,-0.9371,0.2437,-1.2411,-1.1117
2024-10-14,Aug-Dec'24: recovery + year-end rally,124305.15,109144.5,102500.46,122268.33,-1.513,-0.3767,-1.9718,-3.4331
2024-10-15,Aug-Dec'24: recovery + year-end rally,126680.74,110727.17,104475.4,123794.84,1.9111,1.4501,1.9268,1.2485
2024-10-16,Aug-Dec'24: recovery + year-end rally,125464.24,110203.03,103541.54,121942.13,-0.9603,-0.4734,-0.8939,-1.4966
2024-10-17,Aug-Dec'24: recovery + year-end rally,126674.63,110514.18,103332.9,122475.97,0.9647,0.2823,-0.2015,0.4378
2024-10-18,Aug-Dec'24: recovery + year-end rally,125098.63,109491.97,103071.77,118311.22,-1.2441,-0.925,-0.2527,-3.4005
2024-10-21,Aug-Dec'24: recovery + year-end rally,123872.42,108516.38,102150.64,116848.42,-0.9802,-0.891,-0.8937,-1.2364
2024-10-22,Aug-Dec'24: recovery + year-end rally,124986.87,108246.26,102958.95,118234.18,0.8997,-0.2489,0.7913,1.1859
2024-10-23,Aug-Dec'24: recovery + year-end rally,122219.42,107132.53,96885.49,113539.65,-2.2142,-1.0289,-5.8989,-3.9705
2024-10-24,Aug-Dec'24: recovery + year-end rally,123441.87,108114.89,96773.53,118365.59,1.0002,0.917,-0.1156,4.2504
2024-10-25,Aug-Dec'24: recovery + year-end rally,123892.44,108205.14,98124.11,119549.62,0.365,0.0835,1.3956,1.0003
2024-10-28,Aug-Dec'24: recovery + year-end rally,123231.04,108563.48,97579.01,118573.65,-0.5338,0.3312,-0.5555,-0.8164
2024-10-29,Aug-Dec'24: recovery + year-end rally,125218.32,110030.7,97363.14,127945.81,1.6126,1.3515,-0.2212,7.9041
2024-10-30,Aug-Dec'24: recovery + year-end rally,127450.61,111606.03,100159.13,132854.51,1.7827,1.4317,2.8717,3.8365
2024-10-31,Aug-Dec'24: recovery + year-end rally,126924.95,112695.95,99714.63,130692.61,-0.4124,0.9766,-0.4438,-1.6273
2024-11-01,Aug-Dec'24: recovery + year-end rally,127557.39,112331.62,99008.91,131037.38,0.4983,-0.3233,-0.7077,0.2638
2024-11-04,Aug-Dec'24: recovery + year-end rally,126716.5,111067.17,96780.39,130131.7,-0.6592,-1.1256,-2.2508,-0.6912
2024-11-05,Aug-Dec'24: recovery + year-end rally,126172.95,111241.8,96477.44,130020.7,-0.4289,0.1572,-0.313,-0.0853
2024-11-06,Aug-Dec'24: recovery + year-end rally,125712.26,111953.76,96768.99,128153.14,-0.3651,0.64,0.3022,-1.4364
2024-11-07,Aug-Dec'24: recovery + year-end rally,126320.33,112132.28,97078.91,127147.78,0.4837,0.1595,0.3203,-0.7845
2024-11-08,Aug-Dec'24: recovery + year-end rally,125340.09,112193.4,98678.61,125200.3,-0.776,0.0545,1.6478,-1.5317
2024-11-11,Aug-Dec'24: recovery + year-end rally,126984.25,114180.41,100544.03,128987.13,1.3118,1.7711,1.8904,3.0246
2024-11-12,Aug-Dec'24: recovery + year-end rally,127062.29,115152.04,100877.06,128310.3,0.0615,0.851,0.3312,-0.5247
2024-11-13,Aug-Dec'24: recovery + year-end rally,127904.29,114554.58,102208.73,130473.06,0.6627,-0.5188,1.3201,1.6856
2024-11-14,Aug-Dec'24: recovery + year-end rally,130439.49,116353.44,105457.66,132106.73,1.9821,1.5703,3.1787,1.2521
2024-11-15,Aug-Dec'24: recovery + year-end rally,130671.87,116058.94,104436.06,132619.06,0.1782,-0.2531,-0.9687,0.3878
2024-11-18,Aug-Dec'24: recovery + year-end rally,130102.44,116025.23,104697.88,129690.34,-0.4358,-0.029,0.2507,-2.2084
2024-11-19,Aug-Dec'24: recovery + year-end rally,130494.04,117299.83,106942.45,130022.43,0.301,1.0985,2.1439,0.2561
2024-11-20,Aug-Dec'24: recovery + year-end rally,132025.33,118475.95,108202.78,131225.31,1.1735,1.0027,1.1785,0.9251
2024-11-21,Aug-Dec'24: recovery + year-end rally,131649.11,118367.91,107486.55,131458.62,-0.285,-0.0912,-0.6619,0.1778
2024-11-22,Aug-Dec'24: recovery + year-end rally,132727.4,120475.95,109602.61,134110.68,0.8191,1.7809,1.9687,2.0174
2024-11-25,Aug-Dec'24: recovery + year-end rally,134931.95,122179.58,110538.9,137432.16,1.661,1.4141,0.8543,2.4767
2024-11-26,Aug-Dec'24: recovery + year-end rally,136075.42,121268.86,112200.27,140287.63,0.8474,-0.7454,1.503,2.0777
2024-11-27,Aug-Dec'24: recovery + year-end rally,135149.18,121011.04,110930.93,140649.46,-0.6807,-0.2126,-1.1313,0.2579
2024-11-29,Aug-Dec'24: recovery + year-end rally,135037.34,123477.15,110516.96,140134.54,-0.0828,2.0379,-0.3732,-0.3661
2024-12-02,Aug-Dec'24: recovery + year-end rally,135217.84,122511.64,109658.17,140255.43,0.1337,-0.7819,-0.7771,0.0863
2024-12-03,Aug-Dec'24: recovery + year-end rally,133326.87,121696.69,110410.35,138295.28,-1.3985,-0.6652,0.6859,-1.3976
2024-12-04,Aug-Dec'24: recovery + year-end rally,134560.64,122481.19,111699.19,137845.14,0.9254,0.6446,1.1673,-0.3255
2024-12-05,Aug-Dec'24: recovery + year-end rally,135415.55,122096.18,112968.38,138998.94,0.6353,-0.3143,1.1363,0.837
2024-12-06,Aug-Dec'24: recovery + year-end rally,137505.1,123309.15,114021.93,139645.84,1.5431,0.9934,0.9326,0.4654
2024-12-09,Aug-Dec'24: recovery + year-end rally,139479.77,124214.13,116004.62,140415.55,1.4361,0.7339,1.7389,0.5512
2024-12-10,Aug-Dec'24: recovery + year-end rally,139317.76,124630.45,117178.37,142193.68,-0.1162,0.3352,1.0118,1.2663
2024-12-11,Aug-Dec'24: recovery + year-end rally,134966.62,121856.15,111604.81,136959.81,-3.1232,-2.226,-4.7565,-3.6808
2024-12-12,Aug-Dec'24: recovery + year-end rally,134762.31,121480.43,110199.27,138477.27,-0.1514,-0.3083,-1.2594,1.108
2024-12-13,Aug-Dec'24: recovery + year-end rally,137256.59,122696.99,115078.03,143806.1,1.8509,1.0014,4.4272,3.8482
2024-12-16,Aug-Dec'24: recovery + year-end rally,136588.31,123104.67,113879.43,143630.97,-0.4869,0.3323,-1.0416,-0.1218
2024-12-17,Aug-Dec'24: recovery + year-end rally,137218.89,123705.13,116533.53,143666.76,0.4617,0.4878,2.3306,0.0249
2024-12-18,Aug-Dec'24: recovery + year-end rally,135928.23,123777.76,115779.55,141327.2,-0.9406,0.0587,-0.647,-1.6285
2024-12-19,Aug-Dec'24: recovery + year-end rally,134841.01,123393.74,114032.75,142306.91,-0.7998,-0.3103,-1.5087,0.6932
2024-12-20,Aug-Dec'24: recovery + year-end rally,136200.88,123939.04,117541.93,144718.31,1.0085,0.4419,3.0773,1.6945
2024-12-23,Aug-Dec'24: recovery + year-end rally,133207.03,122041.67,114281.87,139684.32,-2.1981,-1.5309,-2.7735,-3.4785
2024-12-24,Aug-Dec'24: recovery + year-end rally,133632.71,121778.37,114065.29,141632.57,0.3196,-0.2157,-0.1895,1.3948
2024-12-26,Aug-Dec'24: recovery + year-end rally,133484.19,122625.14,113737.71,141994.57,-0.1111,0.6953,-0.2872,0.2556
2024-12-27,Aug-Dec'24: recovery + year-end rally,134854.82,123652.89,113392.94,145975.47,1.0268,0.8381,-0.3031,2.8036
2024-12-30,Aug-Dec'24: recovery + year-end rally,130466.43,122527.37,107830.19,136548.78,-3.2542,-0.9102,-4.9057,-6.4577
2024-12-31,Aug-Dec'24: recovery + year-end rally,129504.27,122608.78,105532.23,136021.16,-0.7375,0.0664,-2.1311,-0.3864
2025-01-02,Jan'25 pre-DeepSeek: AI continuation,131789.32,121664.12,108224.14,138514.72,1.7645,-0.7705,2.5508,1.8332
2025-01-03,Jan'25 pre-DeepSeek: AI continuation,131828.67,122449.51,106687.34,140925.62,0.0299,0.6455,-1.42,1.7405
2025-01-06,Jan'25 pre-DeepSeek: AI continuation,131497.13,122511.71,104367.97,141003.89,-0.2515,0.0508,-2.174,0.0555
2025-01-07,Jan'25 pre-DeepSeek: AI continuation,128173.52,121492.49,102109.11,136540.41,-2.5275,-0.8319,-2.1643,-3.1655
2025-01-08,Jan'25 pre-DeepSeek: AI continuation,128315.12,122387.53,103032.15,137146.5,0.1105,0.7367,0.904,0.4439
2025-01-10,Jan'25 pre-DeepSeek: AI continuation,125577.63,121045.06,101711.56,132093.3,-2.1334,-1.0969,-1.2817,-3.6845
2025-01-13,Jan'25 pre-DeepSeek: AI continuation,129018.79,123408.56,106097.93,135371.48,2.7403,1.9526,4.3126,2.4817
2025-01-14,Jan'25 pre-DeepSeek: AI continuation,129845.85,124334.63,105096.43,137182.09,0.641,0.7504,-0.9439,1.3375
2025-01-15,Jan'25 pre-DeepSeek: AI continuation,128850.42,123928.05,104207.29,135142.34,-0.7666,-0.327,-0.846,-1.4869
2025-01-16,Jan'25 pre-DeepSeek: AI continuation,129092.92,123909.48,104733.49,137119.86,0.1882,-0.015,0.505,1.4633
2025-01-17,Jan'25 pre-DeepSeek: AI continuation,126345.22,123153.15,103426.02,130424.25,-2.1285,-0.6104,-1.2484,-4.883
2025-01-21,Jan'25 pre-DeepSeek: AI continuation,127276.21,123840.83,104020.81,131632.93,0.7369,0.5584,0.5751,0.9267
2025-01-22,Jan'25 pre-DeepSeek: AI continuation,127192.6,124130.2,103391.48,130913.65,-0.0657,0.2337,-0.605,-0.5464
2025-01-23,Jan'25 pre-DeepSeek: AI continuation,125805.79,122948.48,103264.43,127849.49,-1.0903,-0.952,-0.1229,-2.3406
2025-01-24,Jan'25 pre-DeepSeek: AI continuation,126980.05,125124.49,105168.17,129914.63,0.9334,1.7699,1.8436,1.6153
2025-01-27,Jan 27'25: DeepSeek shock,128343.39,127617.77,104270.72,127921.34,1.0737,1.9926,-0.8533,-1.5343
2025-01-28,Jan 27'25: DeepSeek shock,127940.81,127543.03,103542.89,121874.77,-0.3137,-0.0586,-0.698,-4.7268
2025-01-29,Jan 27'25: DeepSeek shock,125802.77,126218.04,98229.7,116474.1,-1.6711,-1.0389,-5.1314,-4.4313
2025-01-30,Jan 27'25: DeepSeek shock,125961.53,126461.09,98194.96,116772.7,0.1262,0.1926,-0.0354,0.2564
2025-01-31,Jan 27'25: DeepSeek shock,130006.98,126134.73,101327.68,123563.63,3.2117,-0.2581,3.1903,5.8155
2025-02-03,Feb-Mar'25: tariff fears build,126008.0,124455.46,97350.98,118918.44,-3.076,-1.3313,-3.9246,-3.7594
2025-02-04,Feb-Mar'25: tariff fears build,128415.86,123028.69,99660.54,123053.04,1.9109,-1.1464,2.3724,3.4768
2025-02-05,Feb-Mar'25: tariff fears build,128019.42,119962.25,98335.85,120746.0,-0.3087,-2.4925,-1.3292,-1.8748
2025-02-06,Feb-Mar'25: tariff fears build,129289.1,119263.2,101160.94,122498.73,0.9918,-0.5827,2.8729,1.4516
2025-02-07,Feb-Mar'25: tariff fears build,128791.73,120487.84,101376.58,124480.19,-0.3847,1.0268,0.2132,1.6175
2025-02-10,Feb-Mar'25: tariff fears build,131281.97,121585.93,103174.14,127469.79,1.9335,0.9114,1.7731,2.4017
2025-02-11,Feb-Mar'25: tariff fears build,129385.19,120315.24,99750.98,123157.6,-1.4448,-1.0451,-3.3178,-3.3829
2025-02-12,Feb-Mar'25: tariff fears build,129555.83,119557.03,98615.14,120002.29,0.1319,-0.6302,-1.1387,-2.562
2025-02-13,Feb-Mar'25: tariff fears build,130656.23,118721.39,96208.92,121881.03,0.8494,-0.6989,-2.44,1.5656
2025-02-14,Feb-Mar'25: tariff fears build,127735.23,117452.28,95126.78,118657.04,-2.2356,-1.069,-1.1248,-2.6452
2025-02-18,Feb-Mar'25: tariff fears build,129802.63,117725.31,97111.23,122225.13,1.6185,0.2325,2.0861,3.0071
2025-02-19,Feb-Mar'25: tariff fears build,130571.93,119147.73,95727.71,122347.79,0.5927,1.2083,-1.4247,0.1004
2025-02-20,Feb-Mar'25: tariff fears build,131044.97,118697.79,94420.6,121984.38,0.3623,-0.3776,-1.3654,-0.297
2025-02-21,Feb-Mar'25: tariff fears build,131693.6,120362.3,94454.36,120716.34,0.495,1.4023,0.0358,-1.0395
2025-02-24,Feb-Mar'25: tariff fears build,129888.62,119195.87,92907.61,119153.45,-1.3706,-0.9691,-1.6376,-1.2947
2025-02-25,Feb-Mar'25: tariff fears build,128345.09,118701.74,92360.07,116768.44,-1.1884,-0.4146,-0.5893,-2.0016
2025-02-26,Feb-Mar'25: tariff fears build,126272.61,118580.55,90214.38,115229.35,-1.6148,-0.1021,-2.3232,-1.3181
2025-02-27,Feb-Mar'25: tariff fears build,124064.62,117853.94,88080.39,110323.09,-1.7486,-0.6128,-2.3655,-4.2578
2025-02-28,Feb-Mar'25: tariff fears build,122185.41,116529.43,87269.89,112699.42,-1.5147,-1.1239,-0.9202,2.154
2025-03-03,Feb-Mar'25: tariff fears build,123317.17,116611.0,88656.62,110984.97,0.9263,0.07,1.589,-1.5213
2025-03-04,Feb-Mar'25: tariff fears build,127689.19,118679.72,91073.72,114167.31,3.5453,1.774,2.7264,2.8674
2025-03-05,Feb-Mar'25: tariff fears build,131017.52,118578.95,93123.65,116601.43,2.6066,-0.0849,2.2508,2.1321
2025-03-06,Feb-Mar'25: tariff fears build,133479.55,118657.74,91157.65,116905.55,1.8792,0.0664,-2.1112,0.2608
2025-03-07,Feb-Mar'25: tariff fears build,131168.5,117413.24,89392.43,112637.51,-1.7314,-1.0488,-1.9364,-3.6508
2025-03-10,Feb-Mar'25: tariff fears build,131629.06,116273.64,90180.67,113689.97,0.3511,-0.9706,0.8818,0.9344
2025-03-11,Feb-Mar'25: tariff fears build,130587.59,114646.16,88925.82,111239.33,-0.7912,-1.3997,-1.3915,-2.1555
2025-03-12,Feb-Mar'25: tariff fears build,135471.69,117173.94,90386.61,118374.22,3.7401,2.2049,1.6427,6.414
2025-03-13,Feb-Mar'25: tariff fears build,139280.2,119995.33,92078.75,122921.31,2.8113,2.4079,1.8721,3.8413
2025-03-14,Feb-Mar'25: tariff fears build,136283.98,118039.34,92438.13,120185.88,-2.1512,-1.6301,0.3903,-2.2253
2025-03-17,Feb-Mar'25: tariff fears build,138142.01,119095.24,92300.63,123686.03,1.3634,0.8945,-0.1487,2.9123
2025-03-18,Feb-Mar'25: tariff fears build,138641.14,119553.62,92167.16,126426.23,0.3613,0.3849,-0.1446,2.2154
2025-03-19,Feb-Mar'25: tariff fears build,136332.02,117664.84,89635.82,126607.58,-1.6655,-1.5799,-2.7465,0.1434
2025-03-20,Feb-Mar'25: tariff fears build,136208.85,116599.61,90248.97,127704.37,-0.0903,-0.9053,0.684,0.8663
2025-03-21,Feb-Mar'25: tariff fears build,131305.61,114784.83,86802.8,122812.05,-3.5998,-1.5564,-3.8185,-3.831
2025-03-24,Feb-Mar'25: tariff fears build,131423.47,116283.27,86169.16,123397.48,0.0898,1.3054,-0.73,0.4767
2025-03-25,Feb-Mar'25: tariff fears build,133264.72,116990.9,86359.62,123034.94,1.401,0.6085,0.221,-0.2938
2025-03-26,Feb-Mar'25: tariff fears build,133015.51,117097.2,85899.1,121324.59,-0.187,0.0909,-0.5332,-1.3901
2025-03-27,Feb-Mar'25: tariff fears build,131927.66,115955.43,85452.73,116944.7,-0.8178,-0.9751,-0.5196,-3.6101
2025-03-28,Feb-Mar'25: tariff fears build,131670.03,116803.09,84964.06,115732.98,-0.1953,0.731,-0.5719,-1.0361
2025-03-31,Feb-Mar'25: tariff fears build,131375.51,117215.05,85212.21,115731.28,-0.2237,0.3527,0.2921,-0.0015
2025-04-01,Feb-Mar'25: tariff fears build,131726.28,118971.2,84702.29,116917.64,0.267,1.4982,-0.5984,1.0251
2025-04-02,Apr 2'25: Liberation Day tariff shock,121425.23,109345.88,74774.14,100689.26,-7.82,-8.0905,-11.7212,-13.8802
2025-04-03,Apr 2'25: Liberation Day tariff shock,121089.35,115426.62,75928.58,98520.63,-0.2766,5.561,1.5439,-2.1538
2025-04-04,Apr 2'25: Liberation Day tariff shock,122837.63,116764.92,77467.74,100059.0,1.4438,1.1594,2.0271,1.5615
2025-04-07,Apr 2'25: Liberation Day tariff shock,124103.81,116865.35,78363.36,100549.94,1.0308,0.086,1.1561,0.4906
2025-04-08,Apr 2'25: Liberation Day tariff shock,123851.53,112096.24,82049.28,98232.29,-0.2033,-4.0809,4.7036,-2.305
2025-04-09,Apr 2'25: Liberation Day tariff shock,122930.37,111188.92,80770.02,98089.72,-0.7438,-0.8094,-1.5591,-0.1451
2025-04-10,Apr 2'25: Liberation Day tariff shock,119431.13,110319.77,79204.6,93338.75,-2.8465,-0.7817,-1.9381,-4.8435
2025-04-11,Apr 2'25: Liberation Day tariff shock,120952.87,115591.83,82819.69,97460.5,1.2742,4.7789,4.5642,4.4159
2025-04-14,Apr 2'25: Liberation Day tariff shock,121482.87,114474.81,82602.56,100044.15,0.4382,-0.9663,-0.2622,2.651
2025-04-15,Apr 2'25: Liberation Day tariff shock,116527.35,108970.5,76784.56,90588.31,-4.0792,-4.8083,-7.0434,-9.4517
2025-04-16,"Apr-Aug'25: tariff walk-back, rotation to power/networking",115910.36,107496.59,76249.18,90062.94,-0.5295,-1.3526,-0.6972,-0.5799
2025-04-17,"Apr-Aug'25: tariff walk-back, rotation to power/networking",117029.34,108795.55,77964.18,90981.54,0.9654,1.2084,2.2492,1.0199
2025-04-21,"Apr-Aug'25: tariff walk-back, rotation to power/networking",117709.71,108569.43,78479.56,94838.16,0.5814,-0.2078,0.6611,4.2389
2025-04-22,"Apr-Aug'25: tariff walk-back, rotation to power/networking",118452.44,108659.29,80350.51,96813.0,0.631,0.0828,2.384,2.0823
2025-04-23,"Apr-Aug'25: tariff walk-back, rotation to power/networking",118966.19,109391.44,79869.36,94417.94,0.4337,0.6738,-0.5988,-2.4739
2025-04-24,"Apr-Aug'25: tariff walk-back, rotation to power/networking",117520.62,107474.38,79373.25,92543.1,-1.2151,-1.7525,-0.6212,-1.9857
2025-04-25,"Apr-Aug'25: tariff walk-back, rotation to power/networking",116637.66,106213.1,79825.84,91181.72,-0.7513,-1.1736,0.5702,-1.4711
2025-04-28,"Apr-Aug'25: tariff walk-back, rotation to power/networking",118113.96,108404.73,82409.75,94549.83,1.2657,2.0634,3.2369,3.6938
2025-04-29,"Apr-Aug'25: tariff walk-back, rotation to power/networking",119839.74,110202.73,84873.05,97097.53,1.4611,1.6586,2.9891,2.6946
2025-04-30,"Apr-Aug'25: tariff walk-back, rotation to power/networking",122359.51,111425.38,85845.75,99474.96,2.1026,1.1095,1.1461,2.4485
2025-05-01,"Apr-Aug'25: tariff walk-back, rotation to power/networking",127068.64,112410.86,87938.11,108404.15,3.8486,0.8844,2.4373,8.9763
2025-05-02,"Apr-Aug'25: tariff walk-back, rotation to power/networking",126060.8,112024.97,86147.78,106816.64,-0.7931,-0.3433,-2.0359,-1.4644
2025-05-05,"Apr-Aug'25: tariff walk-back, rotation to power/networking",127032.21,113138.24,88762.18,108437.4,0.7706,0.9938,3.0348,1.5173
2025-05-06,"Apr-Aug'25: tariff walk-back, rotation to power/networking",128063.46,115025.08,88156.97,108466.58,0.8118,1.6677,-0.6818,0.0269
2025-05-07,"Apr-Aug'25: tariff walk-back, rotation to power/networking",127043.19,115157.95,87559.92,107212.04,-0.7967,0.1155,-0.6772,-1.1566
2025-05-08,"Apr-Aug'25: tariff walk-back, rotation to power/networking",127227.04,114703.48,88427.82,104570.54,0.1447,-0.3946,0.9912,-2.4638
2025-05-09,"Apr-Aug'25: tariff walk-back, rotation to power/networking",130306.56,115653.94,90532.12,108262.29,2.4205,0.8286,2.3797,3.5304
2025-05-12,"Apr-Aug'25: tariff walk-back, rotation to power/networking",130037.09,115177.95,89821.7,108914.39,-0.2068,-0.4116,-0.7847,0.6023
2025-05-13,"Apr-Aug'25: tariff walk-back, rotation to power/networking",133106.77,116443.11,91781.08,112155.11,2.3606,1.0984,2.1814,2.9755
2025-05-14,"Apr-Aug'25: tariff walk-back, rotation to power/networking",132197.77,116159.68,92252.49,110818.26,-0.6829,-0.2434,0.5136,-1.192
2025-05-15,"Apr-Aug'25: tariff walk-back, rotation to power/networking",133555.58,116531.07,92406.36,113389.64,1.0271,0.3197,0.1668,2.3204
2025-05-16,"Apr-Aug'25: tariff walk-back, rotation to power/networking",134652.82,117399.81,91721.44,117989.23,0.8216,0.7455,-0.7412,4.0564
2025-05-19,"Apr-Aug'25: tariff walk-back, rotation to power/networking",134926.9,115877.23,92573.71,119304.47,0.2035,-1.2969,0.9292,1.1147
2025-05-20,"Apr-Aug'25: tariff walk-back, rotation to power/networking",131810.11,114561.02,91476.3,114977.85,-2.31,-1.1359,-1.1854,-3.6265
2025-05-21,"Apr-Aug'25: tariff walk-back, rotation to power/networking",130110.84,113617.66,90126.39,113680.56,-1.2892,-0.8235,-1.4757,-1.1283
2025-05-22,"Apr-Aug'25: tariff walk-back, rotation to power/networking",131293.32,114760.22,89358.75,114906.46,0.9088,1.0056,-0.8517,1.0784
2025-05-23,"Apr-Aug'25: tariff walk-back, rotation to power/networking",129743.2,116317.65,89231.54,113183.21,-1.1806,1.3571,-0.1424,-1.4997
2025-05-27,"Apr-Aug'25: tariff walk-back, rotation to power/networking",127019.68,116025.99,86762.34,114468.88,-2.0992,-0.2507,-2.7672,1.1359
2025-05-28,"Apr-Aug'25: tariff walk-back, rotation to power/networking",128262.05,116258.2,87942.93,116462.68,0.9781,0.2001,1.3607,1.7418
2025-05-29,"Apr-Aug'25: tariff walk-back, rotation to power/networking",131024.85,116100.43,90559.81,122545.32,2.154,-0.1357,2.9757,5.2228
2025-05-30,"Apr-Aug'25: tariff walk-back, rotation to power/networking",127917.06,113772.05,87646.5,119287.78,-2.3719,-2.0055,-3.217,-2.6582
2025-06-02,"Apr-Aug'25: tariff walk-back, rotation to power/networking",126532.9,112793.6,87347.75,116952.49,-1.0821,-0.86,-0.3409,-1.9577
2025-06-03,"Apr-Aug'25: tariff walk-back, rotation to power/networking",127733.66,113926.51,86623.24,117924.22,0.949,1.0044,-0.8295,0.8309
2025-06-04,"Apr-Aug'25: tariff walk-back, rotation to power/networking",127340.33,112402.61,87436.22,114738.46,-0.3079,-1.3376,0.9385,-2.7015
2025-06-05,"Apr-Aug'25: tariff walk-back, rotation to power/networking",127484.68,108125.73,88307.01,113333.21,0.1134,-3.805,0.9959,-1.2247
2025-06-06,"Apr-Aug'25: tariff walk-back, rotation to power/networking",131293.74,108823.48,90455.8,115779.51,2.9879,0.6453,2.4333,2.1585
2025-06-09,"Apr-Aug'25: tariff walk-back, rotation to power/networking",130506.85,108174.72,89588.99,113072.02,-0.5993,-0.5962,-0.9583,-2.3385
2025-06-10,"Apr-Aug'25: tariff walk-back, rotation to power/networking",129644.35,107836.77,89220.94,110963.16,-0.6609,-0.3124,-0.4108,-1.8651
2025-06-11,"Apr-Aug'25: tariff walk-back, rotation to power/networking",130200.26,107302.73,90411.81,111046.64,0.4288,-0.4952,1.3347,0.0752
2025-06-12,"Apr-Aug'25: tariff walk-back, rotation to power/networking",128288.36,106899.08,87762.11,106547.45,-1.4684,-0.3762,-2.9307,-4.0516
2025-06-13,"Apr-Aug'25: tariff walk-back, rotation to power/networking",126086.55,106046.23,84379.5,102867.13,-1.7163,-0.7978,-3.8543,-3.4542
2025-06-16,"Apr-Aug'25: tariff walk-back, rotation to power/networking",129264.73,107556.17,86167.68,105798.49,2.5206,1.4239,2.1192,2.8497
2025-06-17,"Apr-Aug'25: tariff walk-back, rotation to power/networking",130741.02,108571.47,90112.3,109033.87,1.1421,0.944,4.5778,3.0581
2025-06-18,"Apr-Aug'25: tariff walk-back, rotation to power/networking",131156.09,109292.81,89646.99,111020.95,0.3175,0.6644,-0.5164,1.8224
2025-06-20,"Apr-Aug'25: tariff walk-back, rotation to power/networking",131768.61,109209.01,89323.56,114946.79,0.467,-0.0767,-0.3608,3.5361
2025-06-23,"Apr-Aug'25: tariff walk-back, rotation to power/networking",131403.74,107848.76,89136.87,112820.23,-0.2769,-1.2455,-0.209,-1.85
2025-06-24,"Apr-Aug'25: tariff walk-back, rotation to power/networking",133853.23,109376.33,91127.88,114939.07,1.8641,1.4164,2.2337,1.8781
2025-06-25,"Apr-Aug'25: tariff walk-back, rotation to power/networking",136684.52,110202.51,94620.41,117065.11,2.1152,0.7554,3.8326,1.8497
2025-06-26,"Apr-Aug'25: tariff walk-back, rotation to power/networking",143023.05,112640.33,99413.84,123501.97,4.6373,2.2121,5.066,5.4985
2025-06-27,"Apr-Aug'25: tariff walk-back, rotation to power/networking",143386.37,113725.0,100755.78,124194.09,0.254,0.9629,1.3499,0.5604
2025-06-30,"Apr-Aug'25: tariff walk-back, rotation to power/networking",141150.52,113005.79,99518.57,122036.38,-1.5593,-0.6324,-1.2279,-1.7374
2025-07-01,"Apr-Aug'25: tariff walk-back, rotation to power/networking",143685.61,114138.01,98264.72,125618.09,1.796,1.0019,-1.2599,2.935
2025-07-02,"Apr-Aug'25: tariff walk-back, rotation to power/networking",140719.19,113971.32,96720.2,122941.52,-2.0645,-0.146,-1.5718,-2.1307
2025-07-03,"Apr-Aug'25: tariff walk-back, rotation to power/networking",141226.31,114530.94,97556.59,125523.68,0.3604,0.491,0.8648,2.1003
2025-07-07,"Apr-Aug'25: tariff walk-back, rotation to power/networking",144668.77,116027.27,98545.39,130956.11,2.4376,1.3065,1.0136,4.3278
2025-07-08,"Apr-Aug'25: tariff walk-back, rotation to power/networking",145307.91,115844.48,100503.33,129448.02,0.4418,-0.1575,1.9868,-1.1516
2025-07-09,"Apr-Aug'25: tariff walk-back, rotation to power/networking",147721.5,118098.83,101556.25,131794.77,1.661,1.946,1.0476,1.8129
2025-07-10,"Apr-Aug'25: tariff walk-back, rotation to power/networking",147633.26,117409.99,101572.62,133389.17,-0.0597,-0.5833,0.0161,1.2098
2025-07-11,"Apr-Aug'25: tariff walk-back, rotation to power/networking",146811.03,116200.16,98811.32,133253.56,-0.5569,-1.0304,-2.7185,-0.1017
2025-07-14,"Apr-Aug'25: tariff walk-back, rotation to power/networking",148945.2,116932.29,102924.4,133979.98,1.4537,0.6301,4.1626,0.5451
2025-07-15,"Apr-Aug'25: tariff walk-back, rotation to power/networking",147812.53,116763.96,102083.76,133138.99,-0.7605,-0.144,-0.8168,-0.6277
2025-07-16,"Apr-Aug'25: tariff walk-back, rotation to power/networking",148657.33,117653.2,103690.03,135731.35,0.5715,0.7616,1.5735,1.9471
2025-07-17,"Apr-Aug'25: tariff walk-back, rotation to power/networking",145809.28,116387.94,101955.12,131416.37,-1.9158,-1.0754,-1.6732,-3.1791
2025-07-18,"Apr-Aug'25: tariff walk-back, rotation to power/networking",146728.38,116808.17,102236.85,130598.75,0.6303,0.3611,0.2763,-0.6222
2025-07-21,"Apr-Aug'25: tariff walk-back, rotation to power/networking",145977.57,115494.12,102461.89,127783.46,-0.5117,-1.125,0.2201,-2.1557
2025-07-22,"Apr-Aug'25: tariff walk-back, rotation to power/networking",142812.17,114412.84,102461.54,125374.64,-2.1684,-0.9362,-0.0003,-1.8851
2025-07-23,"Apr-Aug'25: tariff walk-back, rotation to power/networking",147759.46,116585.29,105348.62,131082.89,3.4642,1.8988,2.8177,4.553
2025-07-24,"Apr-Aug'25: tariff walk-back, rotation to power/networking",145897.13,114939.46,103536.05,128436.47,-1.2604,-1.4117,-1.7205,-2.0189
2025-07-25,"Apr-Aug'25: tariff walk-back, rotation to power/networking",146886.98,115364.58,103597.3,129482.81,0.6785,0.3699,0.0592,0.8147
2025-07-28,"Apr-Aug'25: tariff walk-back, rotation to power/networking",146325.73,115381.22,104685.81,129125.3,-0.3821,0.0144,1.0507,-0.2761
2025-07-29,"Apr-Aug'25: tariff walk-back, rotation to power/networking",148435.43,116798.81,105660.7,130554.31,1.4418,1.2286,0.9313,1.1067
2025-07-30,"Apr-Aug'25: tariff walk-back, rotation to power/networking",150173.8,117748.75,107535.29,130713.16,1.1711,0.8133,1.7742,0.1217
2025-07-31,"Apr-Aug'25: tariff walk-back, rotation to power/networking",149705.63,117640.34,107434.08,126546.44,-0.3118,-0.0921,-0.0941,-3.1877
2025-08-01,"Apr-Aug'25: tariff walk-back, rotation to power/networking",159342.92,120791.77,112723.73,134867.65,6.4375,2.6789,4.9236,6.5756
2025-08-04,"Apr-Aug'25: tariff walk-back, rotation to power/networking",161821.72,121908.74,110695.34,136771.97,1.5556,0.9247,-1.7994,1.412
2025-08-05,"Apr-Aug'25: tariff walk-back, rotation to power/networking",160836.05,122346.64,110606.69,129887.17,-0.6091,0.3592,-0.0801,-5.0338
2025-08-06,"Apr-Aug'25: tariff walk-back, rotation to power/networking",157885.95,120939.64,109048.79,128781.67,-1.8342,-1.15,-1.4085,-0.8511
2025-08-07,"Apr-Aug'25: tariff walk-back, rotation to power/networking",159341.31,121943.55,111743.27,129015.26,0.9218,0.8301,2.4709,0.1814
2025-08-08,"Apr-Aug'25: tariff walk-back, rotation to power/networking",158892.44,122626.53,112822.54,128761.53,-0.2817,0.5601,0.9658,-0.1967
2025-08-11,"Apr-Aug'25: tariff walk-back, rotation to power/networking",157662.91,122201.67,109308.62,129367.67,-0.7738,-0.3465,-3.1145,0.4707
2025-08-12,"Apr-Aug'25: tariff walk-back, rotation to power/networking",157207.14,122160.91,107077.85,128198.13,-0.2891,-0.0334,-2.0408,-0.904
2025-08-13,"Apr-Aug'25: tariff walk-back, rotation to power/networking",156568.23,122958.06,108255.94,131306.62,-0.4064,0.6525,1.1002,2.4248
2025-08-14,"Apr-Aug'25: tariff walk-back, rotation to power/networking",157164.12,124060.38,107672.95,132617.25,0.3806,0.8965,-0.5385,0.9981
2025-08-15,"Apr-Aug'25: tariff walk-back, rotation to power/networking",157157.13,123827.34,105624.44,132816.36,-0.0045,-0.1878,-1.9025,0.1501
2025-08-18,"Apr-Aug'25: tariff walk-back, rotation to power/networking",157863.74,124815.35,106736.81,135997.03,0.4496,0.7979,1.0531,2.3948
2025-08-19,"Apr-Aug'25: tariff walk-back, rotation to power/networking",158730.66,123971.63,108191.45,138399.35,0.5492,-0.676,1.3628,1.7665
2025-08-20,"Apr-Aug'25: tariff walk-back, rotation to power/networking",159602.24,124299.79,109870.62,139985.24,0.5491,0.2647,1.552,1.1459
2025-08-21,"Apr-Aug'25: tariff walk-back, rotation to power/networking",159127.52,124063.39,111478.85,140142.36,-0.2974,-0.1902,1.4637,0.1122
2025-08-22,"Apr-Aug'25: tariff walk-back, rotation to power/networking",160748.67,124004.4,111573.24,144043.93,1.0188,-0.0475,0.0847,2.784
2025-08-25,"Apr-Aug'25: tariff walk-back, rotation to power/networking",154883.59,120195.69,106794.65,139827.53,-3.6486,-3.0714,-4.2829,-2.9272
2025-08-26,"Apr-Aug'25: tariff walk-back, rotation to power/networking",152033.63,119435.23,106460.64,135959.99,-1.8401,-0.6327,-0.3128,-2.7659
2025-08-27,"Apr-Aug'25: tariff walk-back, rotation to power/networking",149309.88,117909.74,104474.09,135318.28,-1.7915,-1.2773,-1.866,-0.472
2025-08-28,"Apr-Aug'25: tariff walk-back, rotation to power/networking",151542.5,118385.8,105434.12,135593.23,1.4953,0.4037,0.9189,0.2032
2025-08-29,"Apr-Aug'25: tariff walk-back, rotation to power/networking",153191.82,118586.01,104486.5,140192.73,1.0884,0.1691,-0.8988,3.3921
2025-09-02,"Sep-Dec'25: rate-cut rally, broad tech leadership",153092.27,117661.33,105077.11,139009.52,-0.065,-0.7798,0.5653,-0.844
2025-09-03,"Sep-Dec'25: rate-cut rally, broad tech leadership",151687.2,117104.14,102617.72,139776.85,-0.9178,-0.4736,-2.3406,0.552
2025-09-04,"Sep-Dec'25: rate-cut rally, broad tech leadership",150319.56,116767.75,100616.95,139683.94,-0.9016,-0.2873,-1.9497,-0.0665
2025-09-05,"Sep-Dec'25: rate-cut rally, broad tech leadership",150899.12,115381.81,101627.45,139392.65,0.3855,-1.1869,1.0043,-0.2085
2025-09-08,"Sep-Dec'25: rate-cut rally, broad tech leadership",151174.61,114848.48,102508.16,138711.18,0.1826,-0.4622,0.8666,-0.4889
2025-09-09,"Sep-Dec'25: rate-cut rally, broad tech leadership",148697.93,113012.89,101885.51,135285.49,-1.6383,-1.5983,-0.6074,-2.4697
2025-09-10,"Sep-Dec'25: rate-cut rally, broad tech leadership",147978.7,112629.89,101322.08,133977.71,-0.4837,-0.3389,-0.553,-0.9667
2025-09-11,"Sep-Dec'25: rate-cut rally, broad tech leadership",145529.79,112452.03,100136.92,131804.75,-1.6549,-0.1579,-1.1697,-1.6219
2025-09-12,"Sep-Dec'25: rate-cut rally, broad tech leadership",147153.69,113626.36,101107.45,135998.38,1.1159,1.0443,0.9692,3.1817
2025-09-15,"Sep-Dec'25: rate-cut rally, broad tech leadership",150179.61,115228.68,103137.43,138325.41,2.0563,1.4102,2.0077,1.7111
2025-09-16,"Sep-Dec'25: rate-cut rally, broad tech leadership",149478.48,115052.5,101579.62,136955.85,-0.4669,-0.1529,-1.5104,-0.9901
2025-09-17,"Sep-Dec'25: rate-cut rally, broad tech leadership",151418.95,116071.89,101415.3,141586.68,1.2982,0.886,-0.1618,3.3813
2025-09-18,"Sep-Dec'25: rate-cut rally, broad tech leadership",151317.39,117175.78,102420.5,141711.6,-0.0671,0.951,0.9912,0.0882
2025-09-19,"Sep-Dec'25: rate-cut rally, broad tech leadership",153768.45,117990.5,102882.62,141544.04,1.6198,0.6953,0.4512,-0.1182
2025-09-22,"Sep-Dec'25: rate-cut rally, broad tech leadership",157894.52,118695.31,105365.5,145663.16,2.6833,0.5973,2.4133,2.9101
2025-09-23,"Sep-Dec'25: rate-cut rally, broad tech leadership",160733.5,120949.38,108502.76,150314.6,1.798,1.899,2.9775,3.1933
2025-09-24,"Sep-Dec'25: rate-cut rally, broad tech leadership",166311.32,123256.81,112998.89,155830.89,3.4702,1.9078,4.1438,3.6698
2025-09-25,"Sep-Dec'25: rate-cut rally, broad tech leadership",167686.04,124128.46,113335.27,158855.2,0.8266,0.7072,0.2977,1.9408
2025-09-26,"Sep-Dec'25: rate-cut rally, broad tech leadership",164390.66,123239.97,110727.3,154112.84,-1.9652,-0.7158,-2.3011,-2.9853
2025-09-29,"Sep-Dec'25: rate-cut rally, broad tech leadership",168312.84,124214.81,113109.81,158860.55,2.3859,0.791,2.1517,3.0807
2025-09-30,"Sep-Dec'25: rate-cut rally, broad tech leadership",167433.02,125456.48,112773.71,157651.2,-0.5227,0.9996,-0.2971,-0.7613
2025-10-01,"Sep-Dec'25: rate-cut rally, broad tech leadership",167672.92,125491.23,112506.06,159884.55,0.1433,0.0277,-0.2373,1.4166
2025-10-02,"Sep-Dec'25: rate-cut rally, broad tech leadership",166751.79,125163.47,113041.73,159443.74,-0.5494,-0.2612,0.4761,-0.2757
2025-10-03,"Sep-Dec'25: rate-cut rally, broad tech leadership",162959.48,123520.55,111025.38,156417.7,-2.2742,-1.3126,-1.7837,-1.8979
2025-10-06,"Sep-Dec'25: rate-cut rally, broad tech leadership",169441.78,126679.81,115515.87,168863.15,3.9779,2.5577,4.0446,7.9566
2025-10-07,"Sep-Dec'25: rate-cut rally, broad tech leadership",169443.56,126599.65,114577.1,170267.24,0.001,-0.0633,-0.8127,0.8315
2025-10-08,"Sep-Dec'25: rate-cut rally, broad tech leadership",166597.59,124666.29,111814.4,166340.3,-1.6796,-1.5271,-2.4112,-2.3063
2025-10-09,"Sep-Dec'25: rate-cut rally, broad tech leadership",169024.88,125608.97,114348.71,170270.17,1.457,0.7562,2.2665,2.3625
2025-10-10,"Sep-Dec'25: rate-cut rally, broad tech leadership",168665.25,125551.08,113692.83,170641.89,-0.2128,-0.0461,-0.5736,0.2183
2025-10-13,"Sep-Dec'25: rate-cut rally, broad tech leadership",169522.42,126911.23,114706.68,172181.63,0.5082,1.0833,0.8918,0.9023
2025-10-14,"Sep-Dec'25: rate-cut rally, broad tech leadership",167879.72,125727.07,114757.47,170782.07,-0.969,-0.9331,0.0443,-0.8128
2025-10-15,"Sep-Dec'25: rate-cut rally, broad tech leadership",166138.94,125394.84,114347.31,169920.71,-1.0369,-0.2642,-0.3574,-0.5044
2025-10-16,"Sep-Dec'25: rate-cut rally, broad tech leadership",164126.69,123917.94,112934.31,165521.13,-1.2112,-1.1778,-1.2357,-2.5892
2025-10-17,"Sep-Dec'25: rate-cut rally, broad tech leadership",164256.15,124676.56,113863.38,164665.82,0.0789,0.6122,0.8227,-0.5167
2025-10-20,"Sep-Dec'25: rate-cut rally, broad tech leadership",164691.86,124234.23,115570.3,161651.09,0.2653,-0.3548,1.4991,-1.8308
2025-10-21,"Sep-Dec'25: rate-cut rally, broad tech leadership",165855.76,124111.97,116532.07,164122.91,0.7067,-0.0984,0.8322,1.5291
2025-10-22,"Sep-Dec'25: rate-cut rally, broad tech leadership",164413.66,123699.59,115237.54,161519.24,-0.8695,-0.3323,-1.1109,-1.5864
2025-10-23,"Sep-Dec'25: rate-cut rally, broad tech leadership",168181.61,123873.92,116911.61,164644.68,2.2917,0.1409,1.4527,1.935
2025-10-24,"Sep-Dec'25: rate-cut rally, broad tech leadership",165880.56,123947.63,113404.87,158836.58,-1.3682,0.0595,-2.9995,-3.5277
2025-10-27,"Sep-Dec'25: rate-cut rally, broad tech leadership",170103.19,125148.23,115673.43,163653.7,2.5456,0.9686,2.0004,3.0328
2025-10-28,"Sep-Dec'25: rate-cut rally, broad tech leadership",173721.53,127219.44,119072.59,168484.54,2.1271,1.655,2.9386,2.9519
2025-10-29,"Sep-Dec'25: rate-cut rally, broad tech leadership",173028.47,126346.49,118884.48,167289.3,-0.3989,-0.6862,-0.158,-0.7094
2025-10-30,"Sep-Dec'25: rate-cut rally, broad tech leadership",173497.4,127522.51,120076.98,167347.88,0.271,0.9308,1.0031,0.035
2025-10-31,"Sep-Dec'25: rate-cut rally, broad tech leadership",173401.46,127057.9,119521.12,170008.02,-0.0553,-0.3643,-0.4629,1.5896
2025-11-03,"Sep-Dec'25: rate-cut rally, broad tech leadership",179112.02,130625.97,123408.19,177659.22,3.2933,2.8082,3.2522,4.5005
2025-11-04,"Sep-Dec'25: rate-cut rally, broad tech leadership",176064.39,129712.99,119604.71,173937.97,-1.7015,-0.6989,-3.082,-2.0946
2025-11-05,"Sep-Dec'25: rate-cut rally, broad tech leadership",177635.88,129835.23,122189.13,178493.39,0.8926,0.0942,2.1608,2.619
2025-11-06,"Sep-Dec'25: rate-cut rally, broad tech leadership",179615.9,130940.72,123899.18,183070.28,1.1146,0.8515,1.3995,2.5642
2025-11-07,"Sep-Dec'25: rate-cut rally, broad tech leadership",182130.86,130421.41,125651.07,187820.59,1.4002,-0.3966,1.414,2.5948
2025-11-10,"Sep-Dec'25: rate-cut rally, broad tech leadership",185347.45,131815.45,128634.35,190384.43,1.7661,1.0689,2.3743,1.3651
2025-11-11,"Sep-Dec'25: rate-cut rally, broad tech leadership",184106.41,131963.93,127940.53,188524.92,-0.6696,0.1126,-0.5394,-0.9767
2025-11-12,"Sep-Dec'25: rate-cut rally, broad tech leadership",186685.56,132359.79,130338.58,192895.32,1.4009,0.3,1.8743,2.3182
2025-11-13,"Sep-Dec'25: rate-cut rally, broad tech leadership",186486.34,132834.23,129509.67,184530.47,-0.1067,0.3584,-0.636,-4.3365
2025-11-14,"Sep-Dec'25: rate-cut rally, broad tech leadership",193326.85,135065.06,135611.87,194056.54,3.6681,1.6794,4.7118,5.1623
2025-11-17,"Sep-Dec'25: rate-cut rally, broad tech leadership",191165.02,133746.54,132710.2,190443.32,-1.1182,-0.9762,-2.1397,-1.8619
2025-11-18,"Sep-Dec'25: rate-cut rally, broad tech leadership",188757.28,132280.78,130449.81,187346.56,-1.2595,-1.0959,-1.7033,-1.6261
2025-11-19,"Sep-Dec'25: rate-cut rally, broad tech leadership",189800.43,135591.9,131293.8,189255.86,0.5526,2.5031,0.647,1.0191
2025-11-20,"Sep-Dec'25: rate-cut rally, broad tech leadership",189933.91,135673.84,132407.72,182713.72,0.0703,0.0604,0.8484,-3.4568
2025-11-21,"Sep-Dec'25: rate-cut rally, broad tech leadership",193705.88,137574.68,136497.75,188385.03,1.9859,1.401,3.089,3.1039
2025-11-24,"Sep-Dec'25: rate-cut rally, broad tech leadership",194468.68,138067.64,136942.52,186176.71,0.3938,0.3583,0.3258,-1.1722
2025-11-25,"Sep-Dec'25: rate-cut rally, broad tech leadership",193311.54,136368.7,138750.35,189705.9,-0.595,-1.2305,1.3201,1.8956
2025-11-26,"Sep-Dec'25: rate-cut rally, broad tech leadership",194340.57,137714.97,138459.81,190066.15,0.5323,0.9872,-0.2094,0.1899
2025-11-28,"Sep-Dec'25: rate-cut rally, broad tech leadership",198484.44,139392.57,141405.06,192909.81,2.1323,1.2182,2.1272,1.4961
2025-12-01,"Sep-Dec'25: rate-cut rally, broad tech leadership",194742.97,137463.96,140392.41,187151.12,-1.885,-1.3836,-0.7161,-2.9852
2025-12-02,"Sep-Dec'25: rate-cut rally, broad tech leadership",196254.46,138503.14,143075.64,188823.06,0.7761,0.756,1.9112,0.8934
2025-12-03,"Sep-Dec'25: rate-cut rally, broad tech leadership",196684.62,138698.13,144342.01,191008.7,0.2192,0.1408,0.8851,1.1575
2025-12-04,"Sep-Dec'25: rate-cut rally, broad tech leadership",196176.8,139082.53,144144.08,190469.93,-0.2582,0.2772,-0.1371,-0.2821
2025-12-05,"Sep-Dec'25: rate-cut rally, broad tech leadership",193551.43,137276.94,141493.52,185157.62,-1.3383,-1.2982,-1.8388,-2.7891
2025-12-08,"Sep-Dec'25: rate-cut rally, broad tech leadership",192419.78,137108.57,140908.38,183313.38,-0.5847,-0.1226,-0.4136,-0.996
2025-12-09,"Sep-Dec'25: rate-cut rally, broad tech leadership",193001.27,137931.3,141619.98,189915.42,0.3022,0.6001,0.505,3.6015
2025-12-10,"Sep-Dec'25: rate-cut rally, broad tech leadership",187717.23,136199.86,137026.47,183291.92,-2.7378,-1.2553,-3.2435,-3.4876
2025-12-11,"Sep-Dec'25: rate-cut rally, broad tech leadership",187544.78,135395.3,136979.6,181607.55,-0.0919,-0.5907,-0.0342,-0.919
2025-12-12,"Sep-Dec'25: rate-cut rally, broad tech leadership",178578.95,131596.85,130181.91,167882.35,-4.7806,-2.8055,-4.9626,-7.5576
2025-12-15,"Sep-Dec'25: rate-cut rally, broad tech leadership",176338.65,130431.57,126005.0,164883.42,-1.2545,-0.8855,-3.2085,-1.7863
2025-12-16,"Sep-Dec'25: rate-cut rally, broad tech leadership",177282.15,132248.53,126148.29,163564.77,0.5351,1.393,0.1137,-0.7997
2025-12-17,"Sep-Dec'25: rate-cut rally, broad tech leadership",175600.31,132672.13,125961.6,161740.93,-0.9487,0.3203,-0.148,-1.1151
2025-12-18,"Sep-Dec'25: rate-cut rally, broad tech leadership",174708.58,132273.53,126429.69,162836.43,-0.5078,-0.3004,0.3716,0.6773
2025-12-19,"Sep-Dec'25: rate-cut rally, broad tech leadership",174989.23,133491.6,126761.0,162041.06,0.1606,0.9209,0.262,-0.4884
2025-12-22,"Sep-Dec'25: rate-cut rally, broad tech leadership",178836.93,134444.04,129678.58,166565.43,2.1988,0.7135,2.3016,2.7921
2025-12-23,"Sep-Dec'25: rate-cut rally, broad tech leadership",177382.56,133942.0,127428.39,164470.44,-0.8132,-0.3734,-1.7352,-1.2578
2025-12-24,"Sep-Dec'25: rate-cut rally, broad tech leadership",178583.63,133789.64,130287.14,165168.52,0.6771,-0.1138,2.2434,0.4244
2025-12-26,"Sep-Dec'25: rate-cut rally, broad tech leadership",175504.04,132787.74,128936.26,164299.74,-1.7245,-0.7489,-1.0368,-0.526
2025-12-29,"Sep-Dec'25: rate-cut rally, broad tech leadership",176375.19,133728.2,130021.58,167240.15,0.4964,0.7082,0.8417,1.7897
2025-12-30,"Sep-Dec'25: rate-cut rally, broad tech leadership",175431.27,133800.0,128350.77,162285.02,-0.5352,0.0537,-1.285,-2.9629
2025-12-31,"Sep-Dec'25: rate-cut rally, broad tech leadership",178407.83,135118.14,130621.24,166473.1,1.6967,0.9852,1.769,2.5807
2026-01-02,Jan-Feb'26: AI Capex sustainability debate,176034.84,134554.34,127639.05,162404.83,-1.3301,-0.4173,-2.2831,-2.4438
2026-01-05,Jan-Feb'26: AI Capex sustainability debate,174631.66,133677.88,126699.55,156231.91,-0.7971,-0.6514,-0.7361,-3.8009
2026-01-06,Jan-Feb'26: AI Capex sustainability debate,173783.62,132650.2,125816.63,156264.82,-0.4856,-0.7688,-0.6969,0.0211
2026-01-07,Jan-Feb'26: AI Capex sustainability debate,173091.36,131180.14,123674.26,154533.43,-0.3983,-1.1082,-1.7028,-1.108
2026-01-08,Jan-Feb'26: AI Capex sustainability debate,173082.49,131821.44,123435.85,151484.66,-0.0051,0.4889,-0.1928,-1.9729
2026-01-09,Jan-Feb'26: AI Capex sustainability debate,170775.72,130475.15,122233.01,150370.85,-1.3328,-1.0213,-0.9745,-0.7353
2026-01-12,Jan-Feb'26: AI Capex sustainability debate,175673.27,133263.87,126348.25,157739.11,2.8678,2.1374,3.3667,4.9001
2026-01-13,Jan-Feb'26: AI Capex sustainability debate,176130.87,133272.95,127468.28,163108.39,0.2605,0.0068,0.8865,3.4039
2026-01-14,Jan-Feb'26: AI Capex sustainability debate,178096.23,133474.23,129147.6,167513.72,1.1158,0.151,1.3174,2.7009
2026-01-15,Jan-Feb'26: AI Capex sustainability debate,180205.19,134471.59,131783.13,168805.6,1.1842,0.7472,2.0407,0.7712
2026-01-16,Jan-Feb'26: AI Capex sustainability debate,178741.86,133503.34,130521.77,166279.08,-0.812,-0.72,-0.9571,-1.4967
2026-01-20,Jan-Feb'26: AI Capex sustainability debate,178090.35,133912.07,130041.85,164990.16,-0.3645,0.3062,-0.3677,-0.7752
2026-01-21,Jan-Feb'26: AI Capex sustainability debate,179501.75,134159.77,128534.95,167995.43,0.7925,0.185,-1.1588,1.8215
2026-01-22,Jan-Feb'26: AI Capex sustainability debate,180406.12,134656.82,129586.14,165490.84,0.5038,0.3705,0.8178,-1.4909
2026-01-23,Jan-Feb'26: AI Capex sustainability debate,181937.82,135497.18,131227.97,169414.97,0.849,0.6241,1.267,2.3712
2026-01-26,Jan-Feb'26: AI Capex sustainability debate,188138.13,137509.72,134402.26,174255.12,3.4079,1.4853,2.4189,2.857
2026-01-27,Jan-Feb'26: AI Capex sustainability debate,188709.91,137686.8,133563.24,173098.28,0.3039,0.1288,-0.6243,-0.6639
2026-01-28,Jan-Feb'26: AI Capex sustainability debate,189835.36,137414.16,135201.22,174431.07,0.5964,-0.198,1.2264,0.77
2026-01-29,Jan-Feb'26: AI Capex sustainability debate,189000.82,136702.53,131742.73,174292.25,-0.4396,-0.5179,-2.558,-0.0796
2026-01-30,Jan-Feb'26: AI Capex sustainability debate,186805.2,135625.1,130262.1,171378.87,-1.1617,-0.7882,-1.1239,-1.6715
2026-02-02,Jan-Feb'26: AI Capex sustainability debate,187863.84,137314.47,131962.79,172164.18,0.5667,1.2456,1.3056,0.4582
2026-02-03,Jan-Feb'26: AI Capex sustainability debate,185599.5,137092.77,131855.01,167586.03,-1.2053,-0.1615,-0.0817,-2.6592
2026-02-04,Jan-Feb'26: AI Capex sustainability debate,184646.35,137362.34,130738.36,164461.68,-0.5135,0.1966,-0.8469,-1.8643
2026-02-05,Jan-Feb'26: AI Capex sustainability debate,184653.28,137389.07,131268.25,166608.41,0.0038,0.0195,0.4053,1.3053
2026-02-06,Jan-Feb'26: AI Capex sustainability debate,182418.78,137100.56,132380.81,163665.52,-1.2101,-0.21,0.8475,-1.7664
2026-02-09,Jan-Feb'26: AI Capex sustainability debate,188580.08,139507.3,137706.83,169178.75,3.3776,1.7555,4.0233,3.3686
2026-02-10,Jan-Feb'26: AI Capex sustainability debate,187903.73,139295.34,136967.35,166143.1,-0.3587,-0.1519,-0.537,-1.7943
2026-02-11,Jan-Feb'26: AI Capex sustainability debate,185868.96,135845.83,136433.37,159996.18,-1.0829,-2.4764,-0.3899,-3.6998
2026-02-12,Jan-Feb'26: AI Capex sustainability debate,185952.9,136086.69,135033.71,158803.42,0.0452,0.1773,-1.0259,-0.7455
2026-02-13,Jan-Feb'26: AI Capex sustainability debate,184430.63,136165.21,132432.08,156546.02,-0.8186,0.0577,-1.9267,-1.4215
2026-02-17,Jan-Feb'26: AI Capex sustainability debate,185775.47,136301.27,131516.81,156696.91,0.7292,0.0999,-0.6911,0.0964
2026-02-18,Jan-Feb'26: AI Capex sustainability debate,189855.54,137018.96,133876.6,163048.47,2.1962,0.5265,1.7943,4.0534
2026-02-19,Jan-Feb'26: AI Capex sustainability debate,188797.78,136736.71,135002.84,156721.0,-0.5571,-0.206,0.8413,-3.8807
2026-02-20,Jan-Feb'26: AI Capex sustainability debate,189654.89,136806.01,131884.11,157554.42,0.454,0.0507,-2.3101,0.5318
2026-02-23,Jan-Feb'26: AI Capex sustainability debate,196192.56,139572.09,137926.91,164904.08,3.4471,2.0219,4.5819,4.6648
2026-02-24,Jan-Feb'26: AI Capex sustainability debate,197701.41,139694.8,135524.99,165615.14,0.7691,0.0879,-1.7414,0.4312
2026-02-25,Jan-Feb'26: AI Capex sustainability debate,196634.6,138964.79,135069.77,165328.4,-0.5396,-0.5226,-0.3359,-0.1731
2026-02-26,Jan-Feb'26: AI Capex sustainability debate,196552.59,138406.69,133778.16,164898.6,-0.0417,-0.4016,-0.9563,-0.26
2026-02-27,Jan-Feb'26: AI Capex sustainability debate,195639.89,136569.54,133412.06,165266.5,-0.4644,-1.3274,-0.2737,0.2231
2026-03-02,Mar-Apr'26: earnings strength offsets concerns,196407.95,137334.37,131243.42,166153.49,0.3926,0.56,-1.6255,0.5367
2026-03-03,Mar-Apr'26: earnings strength offsets concerns,195111.45,138046.73,129509.1,164133.3,-0.6601,0.5187,-1.3215,-1.2159
2026-03-04,Mar-Apr'26: earnings strength offsets concerns,199170.66,140314.77,131056.34,164423.18,2.0805,1.643,1.1947,0.1766
2026-03-05,Mar-Apr'26: earnings strength offsets concerns,199548.99,140729.56,132350.09,165465.26,0.19,0.2956,0.9872,0.6338
2026-03-06,Mar-Apr'26: earnings strength offsets concerns,192822.11,139324.05,128649.04,158577.07,-3.371,-0.9987,-2.7964,-4.1629
2026-03-09,Mar-Apr'26: earnings strength offsets concerns,191689.91,139110.91,129804.63,159058.49,-0.5872,-0.153,0.8983,0.3036
2026-03-10,Mar-Apr'26: earnings strength offsets concerns,192034.07,138674.49,128212.5,160432.06,0.1795,-0.3137,-1.2266,0.8636
2026-03-11,Mar-Apr'26: earnings strength offsets concerns,195860.74,139890.55,130260.39,163701.22,1.9927,0.8769,1.5973,2.0377
2026-03-12,Mar-Apr'26: earnings strength offsets concerns,193413.23,138916.78,129113.18,163613.86,-1.2496,-0.6961,-0.8807,-0.0534
2026-03-13,Mar-Apr'26: earnings strength offsets concerns,197112.43,140590.16,132082.78,166207.73,1.9126,1.2046,2.3,1.5854
2026-03-16,Mar-Apr'26: earnings strength offsets concerns,202465.36,143775.64,132310.24,171344.58,2.7157,2.2658,0.1722,3.0906
2026-03-17,Mar-Apr'26: earnings strength offsets concerns,203993.77,144333.32,136864.13,174539.2,0.7549,0.3879,3.4418,1.8644
2026-03-18,Mar-Apr'26: earnings strength offsets concerns,206048.51,145353.22,137997.61,176862.98,1.0073,0.7066,0.8282,1.3314
2026-03-19,Mar-Apr'26: earnings strength offsets concerns,206663.8,145315.07,139653.72,177791.25,0.2986,-0.0262,1.2001,0.5248
2026-03-20,Mar-Apr'26: earnings strength offsets concerns,210330.67,145844.74,142586.2,184416.26,1.7743,0.3645,2.0998,3.7263
2026-03-23,Mar-Apr'26: earnings strength offsets concerns,212693.05,146648.16,143483.87,188525.58,1.1232,0.5509,0.6296,2.2283
2026-03-24,Mar-Apr'26: earnings strength offsets concerns,214876.06,146550.78,146179.37,194377.01,1.0264,-0.0664,1.8786,3.1038
2026-03-25,Mar-Apr'26: earnings strength offsets concerns,220416.86,147077.54,150109.21,202297.95,2.5786,0.3594,2.6884,4.075
2026-03-26,Mar-Apr'26: earnings strength offsets concerns,222090.66,148005.79,151382.19,205458.28,0.7594,0.6311,0.848,1.5622
2026-03-27,Mar-Apr'26: earnings strength offsets concerns,221229.31,149895.83,149543.63,199572.69,-0.3878,1.277,-1.2145,-2.8646
2026-03-30,Mar-Apr'26: earnings strength offsets concerns,218908.45,149015.38,147132.44,195944.06,-1.0491,-0.5874,-1.6124,-1.8182
2026-03-31,Mar-Apr'26: earnings strength offsets concerns,215854.91,148710.45,144438.78,195306.01,-1.3949,-0.2046,-1.8308,-0.3256
2026-04-01,Mar-Apr'26: earnings strength offsets concerns,217355.75,148429.1,146760.85,197429.36,0.6953,-0.1892,1.6077,1.0872
2026-04-02,Mar-Apr'26: earnings strength offsets concerns,218084.46,149071.19,146179.51,196120.51,0.3353,0.4326,-0.3961,-0.6629
2026-04-06,Mar-Apr'26: earnings strength offsets concerns,217986.97,148725.83,146512.37,200686.27,-0.0447,-0.2317,0.2277,2.328
2026-04-07,Mar-Apr'26: earnings strength offsets concerns,220288.99,149681.29,150619.17,204192.87,1.056,0.6424,2.803,1.7473
2026-04-08,Mar-Apr'26: earnings strength offsets concerns,220539.44,149079.0,149656.39,203513.33,0.1137,-0.4024,-0.6392,-0.3328
2026-04-09,Mar-Apr'26: earnings strength offsets concerns,221510.81,149398.55,150968.81,206095.66,0.4405,0.2143,0.877,1.2689
2026-04-10,Mar-Apr'26: earnings strength offsets concerns,219992.83,149065.92,150961.61,201585.6,-0.6853,-0.2226,-0.0048,-2.1883
2026-04-13,Mar-Apr'26: earnings strength offsets concerns,219381.0,148776.64,151207.02,199625.19,-0.2781,-0.1941,0.1626,-0.9725
2026-04-14,Mar-Apr'26: earnings strength offsets concerns,213642.08,147279.25,147926.8,188591.88,-2.616,-1.0065,-2.1694,-5.527
2026-04-15,Mar-Apr'26: earnings strength offsets concerns,218055.81,148994.6,150774.47,194744.66,2.0659,1.1647,1.9251,3.2625
2026-04-16,Mar-Apr'26: earnings strength offsets concerns,214551.26,146597.6,147971.04,189084.21,-1.6072,-1.6088,-1.8594,-2.9066
2026-04-17,Mar-Apr'26: earnings strength offsets concerns,216265.23,148977.71,148474.8,192220.66,0.7989,1.6236,0.3404,1.6588
2026-04-20,Mar-Apr'26: earnings strength offsets concerns,215789.04,149089.24,147846.88,190289.95,-0.2202,0.0749,-0.4229,-1.0044
2026-04-21,Mar-Apr'26: earnings strength offsets concerns,216631.65,149517.76,147721.2,187756.38,0.3905,0.2874,-0.085,-1.3314
2026-04-22,Mar-Apr'26: earnings strength offsets concerns,216468.09,148383.33,146405.43,188339.04,-0.0755,-0.7587,-0.8907,0.3103
2026-04-23,Mar-Apr'26: earnings strength offsets concerns,214337.42,149152.77,142016.5,186574.4,-0.9843,0.5185,-2.9978,-0.9369
2026-04-24,Mar-Apr'26: earnings strength offsets concerns,213052.23,149229.19,142944.01,181532.19,-0.5996,0.0512,0.6531,-2.7025
2026-04-27,Mar-Apr'26: earnings strength offsets concerns,207498.31,147027.39,139271.92,175989.34,-2.6068,-1.4755,-2.5689,-3.0534
2026-04-28,Mar-Apr'26: earnings strength offsets concerns,204014.16,144864.31,137567.88,168067.79,-1.6791,-1.4712,-1.2235,-4.5012
2026-04-29,Mar-Apr'26: earnings strength offsets concerns,213617.28,146688.07,141170.42,177427.4,4.7071,1.2589,2.6187,5.569
2026-04-30,Mar-Apr'26: earnings strength offsets concerns,214089.8,146233.2,142529.02,174523.04,0.2212,-0.3101,0.9624,-1.6369
